FrameIndex,HandType,JointID,LocalPosX,LocalPosY,LocalPosZ,LocalRotX,LocalRotY,LocalRotZ,LocalRotW,Timestamp,WorldPosX,WorldPosY,WorldPosZ,WorldRotX,WorldRotY,WorldRotZ,WorldRotW
0,Left,0,0.0028,-0.0050,0.0649,0.0000,0.0000,0.0000,1.0000,0.000,,,,,,,
0,Left,1,0.0000,0.0000,0.0000,0.0000,0.0000,0.0000,1.0000,0.000,-0.2101,0.1188,-0.0253,-0.1747,0.1953,0.8993,0.3501
0,Left,2,0.0307,-0.0152,0.0341,-0.0620,0.4290,-0.5658,0.7014,0.000,,,,,,,
0,Left,3,0.0000,0.0000,0.0325,0.0378,-0.0670,0.0832,0.9936,0.000,,,,,,,
0,Left,4,0.0000,0.0000,0.0338,-0.1728,0.0736,-0.0850,0.9785,0.000,,,,,,,
0,Left,5,-0.0007,0.0010,0.0246,0.0000,0.0000,0.0000,1.0000,0.000,,,,,,,
0,Left,6,0.0201,-0.0091,0.0362,0.0000,0.0000,0.0000,1.0000,0.000,,,,,,,
0,Left,7,0.0035,0.0018,0.0598,0.0351,-0.0654,-0.0314,0.9967,0.000,,,,,,,
0,Left,8,0.0000,0.0000,0.0379,0.1002,-0.0046,0.0262,0.9946,0.000,,,,,,,
0,Left,9,0.0000,0.0000,0.0243,0.0087,-0.0259,0.0165,0.9995,0.000,,,,,,,
0,Left,10,-0.0003,0.0010,0.0224,0.0000,0.0000,0.0000,1.0000,0.000,,,,,,,
0,Left,11,0.0038,-0.0074,0.0341,0.0000,0.0000,0.0000,1.0000,0.000,,,,,,,
0,Left,12,-0.0021,0.0049,0.0616,0.1208,-0.0759,0.0142,0.9897,0.000,,,,,,,
0,Left,13,0.0000,0.0000,0.0429,0.0358,-0.0040,0.0115,0.9993,0.000,,,,,,,
0,Left,14,0.0000,0.0000,0.0275,-0.0332,-0.0020,0.0403,0.9986,0.000,,,,,,,
0,Left,15,-0.0003,0.0011,0.0250,0.0000,0.0000,0.0000,1.0000,0.000,,,,,,,
0,Left,16,-0.0150,-0.0060,0.0348,0.0000,0.0000,0.0000,1.0000,0.000,,,,,,,
0,Left,17,-0.0025,-0.0005,0.0539,0.1323,-0.0726,0.0590,0.9868,0.000,,,,,,,
0,Left,18,0.0000,0.0000,0.0390,0.0480,-0.0014,0.0347,0.9982,0.000,,,,,,,
0,Left,19,0.0000,0.0000,0.0266,0.0268,0.0294,0.0059,0.9992,0.000,,,,,,,
0,Left,20,-0.0003,0.0016,0.0243,0.0000,0.0000,0.0000,1.0000,0.000,,,,,,,
0,Left,21,-0.0230,-0.0094,0.0341,0.0183,-0.1403,0.2070,0.9680,0.000,,,,,,,
0,Left,22,0.0000,0.0000,0.0457,0.1020,0.0252,-0.0900,0.9904,0.000,,,,,,,
0,Left,23,0.0000,0.0000,0.0307,0.1010,-0.0383,0.0474,0.9930,0.000,,,,,,,
0,Left,24,0.0000,0.0000,0.0203,0.0083,0.0492,-0.0008,0.9988,0.000,,,,,,,
0,Left,25,0.0002,0.0012,0.0219,0.0000,0.0000,0.0000,1.0000,0.000,,,,,,,
0,Right,0,-0.0024,-0.0053,0.0651,0.0000,0.0000,0.0000,1.0000,0.000,,,,,,,
0,Right,1,0.0000,0.0000,0.0000,0.0000,0.0000,0.0000,1.0000,0.000,0.2171,0.1376,-0.0283,-0.1729,-0.1718,-0.8961,0.3710
0,Right,2,-0.0292,-0.0176,0.0352,-0.0477,-0.3749,0.5988,0.7061,0.000,,,,,,,
0,Right,3,0.0000,0.0000,0.0325,0.0781,0.0635,-0.0831,0.9914,0.000,,,,,,,
0,Right,4,0.0000,0.0000,0.0338,-0.0607,-0.0652,0.0835,0.9925,0.000,,,,,,,
0,Right,5,0.0007,0.0010,0.0246,0.0000,0.0000,0.0000,1.0000,0.000,,,,,,,
0,Right,6,-0.0193,-0.0103,0.0368,0.0000,0.0000,0.0000,1.0000,0.000,,,,,,,
0,Right,7,-0.0042,0.0029,0.0592,0.0121,0.0762,0.0326,0.9965,0.000,,,,,,,
0,Right,8,0.0000,0.0000,0.0379,0.0795,0.0051,-0.0262,0.9965,0.000,,,,,,,
0,Right,9,0.0000,0.0000,0.0243,0.0157,0.0258,-0.0165,0.9994,0.000,,,,,,,
0,Right,10,0.0003,0.0010,0.0224,0.0000,0.0000,0.0000,1.0000,0.000,,,,,,,
0,Right,11,-0.0031,-0.0080,0.0346,0.0000,0.0000,0.0000,1.0000,0.000,,,,,,,
0,Right,12,0.0014,0.0055,0.0610,0.0949,0.1063,-0.0138,0.9897,0.000,,,,,,,
0,Right,13,0.0000,0.0000,0.0429,0.0327,0.0040,-0.0114,0.9994,0.000,,,,,,,
0,Right,14,0.0000,0.0000,0.0275,-0.0394,0.0023,-0.0397,0.9984,0.000,,,,,,,
0,Right,15,0.0003,0.0011,0.0250,0.0000,0.0000,0.0000,1.0000,0.000,,,,,,,
0,Right,16,0.0150,-0.0060,0.0348,0.0000,0.0000,0.0000,1.0000,0.000,,,,,,,
0,Right,17,0.0025,-0.0005,0.0539,0.1143,0.1065,-0.0598,0.9859,0.000,,,,,,,
0,Right,18,0.0000,0.0000,0.0390,0.0366,0.0018,-0.0344,0.9987,0.000,,,,,,,
0,Right,19,0.0000,0.0000,0.0266,0.0125,-0.0294,-0.0052,0.9995,0.000,,,,,,,
0,Right,20,0.0003,0.0016,0.0243,0.0000,0.0000,0.0000,1.0000,0.000,,,,,,,
0,Right,21,0.0230,-0.0094,0.0341,0.0183,0.1403,-0.2070,0.9680,0.000,,,,,,,
0,Right,22,0.0000,0.0000,0.0457,0.0637,-0.0207,0.0904,0.9936,0.000,,,,,,,
0,Right,23,0.0000,0.0000,0.0307,0.1015,0.0383,-0.0475,0.9930,0.000,,,,,,,
0,Right,24,0.0000,0.0000,0.0203,0.0015,-0.0492,0.0007,0.9988,0.000,,,,,,,
0,Right,25,-0.0002,0.0012,0.0219,0.0000,0.0000,0.0000,1.0000,0.000,,,,,,,
1,Left,0,0.0027,-0.0051,0.0650,0.0000,0.0000,0.0000,1.0000,0.041,,,,,,,
1,Left,1,0.0000,0.0000,0.0000,0.0000,0.0000,0.0000,1.0000,0.041,-0.2105,0.1187,-0.0251,-0.1890,0.1954,0.8836,0.3812
1,Left,2,0.0303,-0.0160,0.0345,-0.0474,0.4240,-0.5783,0.6954,0.041,,,,,,,
1,Left,3,0.0000,0.0000,0.0325,0.0371,-0.0671,0.0832,0.9936,0.041,,,,,,,
1,Left,4,0.0000,0.0000,0.0338,-0.1732,0.0737,-0.0850,0.9784,0.041,,,,,,,
1,Left,5,-0.0007,0.0010,0.0246,0.0000,0.0000,0.0000,1.0000,0.041,,,,,,,
1,Left,6,0.0198,-0.0095,0.0364,0.0000,0.0000,0.0000,1.0000,0.041,,,,,,,
1,Left,7,0.0037,0.0022,0.0596,0.0354,-0.0650,-0.0314,0.9968,0.041,,,,,,,
1,Left,8,0.0000,0.0000,0.0379,0.0984,-0.0046,0.0262,0.9948,0.041,,,,,,,
1,Left,9,0.0000,0.0000,0.0243,0.0081,-0.0259,0.0165,0.9995,0.041,,,,,,,
1,Left,10,-0.0003,0.0010,0.0224,0.0000,0.0000,0.0000,1.0000,0.041,,,,,,,
1,Left,11,0.0036,-0.0076,0.0343,0.0000,0.0000,0.0000,1.0000,0.041,,,,,,,
1,Left,12,-0.0019,0.0051,0.0614,0.1204,-0.0756,0.0141,0.9897,0.041,,,,,,,
1,Left,13,0.0000,0.0000,0.0429,0.0359,-0.0039,0.0115,0.9993,0.041,,,,,,,
1,Left,14,0.0000,0.0000,0.0275,-0.0332,-0.0020,0.0403,0.9986,0.041,,,,,,,
1,Left,15,-0.0003,0.0011,0.0250,0.0000,0.0000,0.0000,1.0000,0.041,,,,,,,
1,Left,16,-0.0150,-0.0060,0.0348,0.0000,0.0000,0.0000,1.0000,0.041,,,,,,,
1,Left,17,-0.0025,-0.0005,0.0539,0.1306,-0.0716,0.0588,0.9871,0.041,,,,,,,
1,Left,18,0.0000,0.0000,0.0390,0.0489,-0.0013,0.0347,0.9982,0.041,,,,,,,
1,Left,19,0.0000,0.0000,0.0266,0.0274,0.0294,0.0059,0.9992,0.041,,,,,,,
1,Left,20,-0.0003,0.0016,0.0243,0.0000,0.0000,0.0000,1.0000,0.041,,,,,,,
1,Left,21,-0.0230,-0.0094,0.0341,0.0183,-0.1403,0.2070,0.9680,0.041,,,,,,,
1,Left,22,0.0000,0.0000,0.0457,0.0876,0.0268,-0.0903,0.9917,0.041,,,,,,,
1,Left,23,0.0000,0.0000,0.0307,0.1014,-0.0383,0.0475,0.9930,0.041,,,,,,,
1,Left,24,0.0000,0.0000,0.0203,0.0086,0.0492,-0.0008,0.9988,0.041,,,,,,,
1,Left,25,0.0002,0.0012,0.0219,0.0000,0.0000,0.0000,1.0000,0.041,,,,,,,
1,Right,0,-0.0024,-0.0053,0.0652,0.0000,0.0000,0.0000,1.0000,0.041,,,,,,,
1,Right,1,0.0000,0.0000,0.0000,0.0000,0.0000,0.0000,1.0000,0.041,0.2193,0.1377,-0.0285,-0.1768,-0.1765,-0.8841,0.3950
1,Right,2,-0.0291,-0.0177,0.0353,-0.0447,-0.3746,0.6012,0.7045,0.041,,,,,,,
1,Right,3,0.0000,0.0000,0.0325,0.0783,0.0635,-0.0831,0.9914,0.041,,,,,,,
1,Right,4,0.0000,0.0000,0.0338,-0.0553,-0.0648,0.0835,0.9929,0.041,,,,,,,
1,Right,5,0.0007,0.0010,0.0246,0.0000,0.0000,0.0000,1.0000,0.041,,,,,,,
1,Right,6,-0.0193,-0.0103,0.0368,0.0000,0.0000,0.0000,1.0000,0.041,,,,,,,
1,Right,7,-0.0043,0.0030,0.0592,0.0158,0.0767,0.0325,0.9964,0.041,,,,,,,
1,Right,8,0.0000,0.0000,0.0379,0.0829,0.0050,-0.0262,0.9962,0.041,,,,,,,
1,Right,9,0.0000,0.0000,0.0243,0.0173,0.0257,-0.0165,0.9994,0.041,,,,,,,
1,Right,10,0.0003,0.0010,0.0224,0.0000,0.0000,0.0000,1.0000,0.041,,,,,,,
1,Right,11,-0.0031,-0.0081,0.0347,0.0000,0.0000,0.0000,1.0000,0.041,,,,,,,
1,Right,12,0.0013,0.0055,0.0610,0.0958,0.1062,-0.0139,0.9896,0.041,,,,,,,
1,Right,13,0.0000,0.0000,0.0429,0.0393,0.0039,-0.0115,0.9992,0.041,,,,,,,
1,Right,14,0.0000,0.0000,0.0275,-0.0379,0.0022,-0.0399,0.9985,0.041,,,,,,,
1,Right,15,0.0003,0.0011,0.0250,0.0000,0.0000,0.0000,1.0000,0.041,,,,,,,
1,Right,16,0.0150,-0.0060,0.0348,0.0000,0.0000,0.0000,1.0000,0.041,,,,,,,
1,Right,17,0.0025,-0.0005,0.0539,0.1149,0.1062,-0.0598,0.9859,0.041,,,,,,,
1,Right,18,0.0000,0.0000,0.0390,0.0442,0.0015,-0.0346,0.9984,0.041,,,,,,,
1,Right,19,0.0000,0.0000,0.0266,0.0170,-0.0294,-0.0055,0.9994,0.041,,,,,,,
1,Right,20,0.0003,0.0016,0.0243,0.0000,0.0000,0.0000,1.0000,0.041,,,,,,,
1,Right,21,0.0230,-0.0094,0.0341,0.0183,0.1403,-0.2070,0.9680,0.041,,,,,,,
1,Right,22,0.0000,0.0000,0.0457,0.0658,-0.0199,0.0904,0.9935,0.041,,,,,,,
1,Right,23,0.0000,0.0000,0.0307,0.1074,0.0380,-0.0480,0.9923,0.041,,,,,,,
1,Right,24,0.0000,0.0000,0.0203,0.0032,-0.0492,0.0007,0.9988,0.041,,,,,,,
1,Right,25,-0.0002,0.0012,0.0219,0.0000,0.0000,0.0000,1.0000,0.041,,,,,,,
2,Left,0,0.0026,-0.0052,0.0650,0.0000,0.0000,0.0000,1.0000,0.083,,,,,,,
2,Left,1,0.0000,0.0000,0.0000,0.0000,0.0000,0.0000,1.0000,0.083,-0.2110,0.1194,-0.0250,-0.2074,0.1910,0.8625,0.4202
2,Left,2,0.0298,-0.0167,0.0348,-0.0331,0.4191,-0.5902,0.6892,0.083,,,,,,,
2,Left,3,0.0000,0.0000,0.0325,0.0444,-0.0664,0.0832,0.9933,0.083,,,,,,,
2,Left,4,0.0000,0.0000,0.0338,-0.1720,0.0736,-0.0850,0.9787,0.083,,,,,,,
2,Left,5,-0.0007,0.0010,0.0246,0.0000,0.0000,0.0000,1.0000,0.083,,,,,,,
2,Left,6,0.0196,-0.0098,0.0366,0.0000,0.0000,0.0000,1.0000,0.083,,,,,,,
2,Left,7,0.0039,0.0025,0.0594,0.0350,-0.0642,-0.0314,0.9968,0.083,,,,,,,
2,Left,8,0.0000,0.0000,0.0379,0.0960,-0.0047,0.0262,0.9950,0.083,,,,,,,
2,Left,9,0.0000,0.0000,0.0243,0.0072,-0.0259,0.0165,0.9995,0.083,,,,,,,
2,Left,10,-0.0003,0.0010,0.0224,0.0000,0.0000,0.0000,1.0000,0.083,,,,,,,
2,Left,11,0.0034,-0.0078,0.0344,0.0000,0.0000,0.0000,1.0000,0.083,,,,,,,
2,Left,12,-0.0017,0.0053,0.0612,0.1191,-0.0751,0.0140,0.9899,0.083,,,,,,,
2,Left,13,0.0000,0.0000,0.0429,0.0356,-0.0040,0.0115,0.9993,0.083,,,,,,,
2,Left,14,0.0000,0.0000,0.0275,-0.0335,-0.0020,0.0403,0.9986,0.083,,,,,,,
2,Left,15,-0.0003,0.0011,0.0250,0.0000,0.0000,0.0000,1.0000,0.083,,,,,,,
2,Left,16,-0.0150,-0.0060,0.0348,0.0000,0.0000,0.0000,1.0000,0.083,,,,,,,
2,Left,17,-0.0025,-0.0005,0.0539,0.1201,-0.0725,0.0581,0.9884,0.083,,,,,,,
2,Left,18,0.0000,0.0000,0.0390,0.0489,-0.0013,0.0347,0.9982,0.083,,,,,,,
2,Left,19,0.0000,0.0000,0.0266,0.0277,0.0294,0.0060,0.9992,0.083,,,,,,,
2,Left,20,-0.0003,0.0016,0.0243,0.0000,0.0000,0.0000,1.0000,0.083,,,,,,,
2,Left,21,-0.0230,-0.0094,0.0341,0.0183,-0.1403,0.2070,0.9680,0.083,,,,,,,
2,Left,22,0.0000,0.0000,0.0457,0.0775,0.0263,-0.0905,0.9925,0.083,,,,,,,
2,Left,23,0.0000,0.0000,0.0307,0.1016,-0.0382,0.0475,0.9930,0.083,,,,,,,
2,Left,24,0.0000,0.0000,0.0203,0.0089,0.0492,-0.0008,0.9988,0.083,,,,,,,
2,Left,25,0.0002,0.0012,0.0219,0.0000,0.0000,0.0000,1.0000,0.083,,,,,,,
2,Right,0,-0.0024,-0.0053,0.0652,0.0000,0.0000,0.0000,1.0000,0.083,,,,,,,
2,Right,1,0.0000,0.0000,0.0000,0.0000,0.0000,0.0000,1.0000,0.083,0.2222,0.1373,-0.0284,-0.1948,-0.1951,-0.8474,0.4537
2,Right,2,-0.0291,-0.0178,0.0353,-0.0438,-0.3745,0.6019,0.7040,0.083,,,,,,,
2,Right,3,0.0000,0.0000,0.0325,0.0833,0.0630,-0.0831,0.9910,0.083,,,,,,,
2,Right,4,0.0000,0.0000,0.0338,-0.0478,-0.0642,0.0833,0.9933,0.083,,,,,,,
2,Right,5,0.0007,0.0010,0.0246,0.0000,0.0000,0.0000,1.0000,0.083,,,,,,,
2,Right,6,-0.0193,-0.0103,0.0369,0.0000,0.0000,0.0000,1.0000,0.083,,,,,,,
2,Right,7,-0.0043,0.0030,0.0591,0.0159,0.0778,0.0325,0.9963,0.083,,,,,,,
2,Right,8,0.0000,0.0000,0.0379,0.0879,0.0049,-0.0262,0.9958,0.083,,,,,,,
2,Right,9,0.0000,0.0000,0.0243,0.0194,0.0257,-0.0165,0.9993,0.083,,,,,,,
2,Right,10,0.0003,0.0010,0.0224,0.0000,0.0000,0.0000,1.0000,0.083,,,,,,,
2,Right,11,-0.0031,-0.0081,0.0347,0.0000,0.0000,0.0000,1.0000,0.083,,,,,,,
2,Right,12,0.0013,0.0055,0.0610,0.0951,0.1061,-0.0139,0.9897,0.083,,,,,,,
2,Right,13,0.0000,0.0000,0.0429,0.0500,0.0038,-0.0115,0.9987,0.083,,,,,,,
2,Right,14,0.0000,0.0000,0.0275,-0.0345,0.0021,-0.0402,0.9986,0.083,,,,,,,
2,Right,15,0.0003,0.0011,0.0250,0.0000,0.0000,0.0000,1.0000,0.083,,,,,,,
2,Right,16,0.0150,-0.0060,0.0348,0.0000,0.0000,0.0000,1.0000,0.083,,,,,,,
2,Right,17,0.0025,-0.0005,0.0539,0.1138,0.1060,-0.0597,0.9860,0.083,,,,,,,
2,Right,18,0.0000,0.0000,0.0390,0.0520,0.0012,-0.0348,0.9980,0.083,,,,,,,
2,Right,19,0.0000,0.0000,0.0266,0.0220,-0.0294,-0.0057,0.9993,0.083,,,,,,,
2,Right,20,0.0003,0.0016,0.0243,0.0000,0.0000,0.0000,1.0000,0.083,,,,,,,
2,Right,21,0.0230,-0.0094,0.0341,0.0183,0.1403,-0.2070,0.9680,0.083,,,,,,,
2,Right,22,0.0000,0.0000,0.0457,0.0662,-0.0183,0.0903,0.9935,0.083,,,,,,,
2,Right,23,0.0000,0.0000,0.0307,0.1109,0.0378,-0.0483,0.9919,0.083,,,,,,,
2,Right,24,0.0000,0.0000,0.0203,0.0047,-0.0492,0.0007,0.9988,0.083,,,,,,,
2,Right,25,-0.0002,0.0012,0.0219,0.0000,0.0000,0.0000,1.0000,0.083,,,,,,,
3,Left,0,0.0025,-0.0053,0.0651,0.0000,0.0000,0.0000,1.0000,0.125,,,,,,,
3,Left,1,0.0000,0.0000,0.0000,0.0000,0.0000,0.0000,1.0000,0.125,-0.2253,0.1287,-0.0301,-0.2174,0.2189,0.7822,0.5414
3,Left,2,0.0294,-0.0173,0.0351,-0.0130,0.4257,-0.6007,0.6766,0.125,,,,,,,
3,Left,3,0.0000,0.0000,0.0325,0.1033,-0.0612,0.0830,0.9893,0.125,,,,,,,
3,Left,4,0.0000,0.0000,0.0338,-0.1380,0.0711,-0.0847,0.9842,0.125,,,,,,,
3,Left,5,-0.0007,0.0010,0.0246,0.0000,0.0000,0.0000,1.0000,0.125,,,,,,,
3,Left,6,0.0194,-0.0101,0.0367,0.0000,0.0000,0.0000,1.0000,0.125,,,,,,,
3,Left,7,0.0041,0.0028,0.0592,0.0454,-0.0715,-0.0311,0.9959,0.125,,,,,,,
3,Left,8,0.0000,0.0000,0.0379,0.1039,-0.0045,0.0262,0.9942,0.125,,,,,,,
3,Left,9,0.0000,0.0000,0.0243,0.0075,-0.0259,0.0165,0.9995,0.125,,,,,,,
3,Left,10,-0.0003,0.0010,0.0224,0.0000,0.0000,0.0000,1.0000,0.125,,,,,,,
3,Left,11,0.0032,-0.0080,0.0346,0.0000,0.0000,0.0000,1.0000,0.125,,,,,,,
3,Left,12,-0.0015,0.0054,0.0611,0.1183,-0.0757,0.0140,0.9900,0.125,,,,,,,
3,Left,13,0.0000,0.0000,0.0429,0.0470,-0.0038,0.0115,0.9988,0.125,,,,,,,
3,Left,14,0.0000,0.0000,0.0275,-0.0326,-0.0020,0.0404,0.9986,0.125,,,,,,,
3,Left,15,-0.0003,0.0011,0.0250,0.0000,0.0000,0.0000,1.0000,0.125,,,,,,,
3,Left,16,-0.0150,-0.0060,0.0348,0.0000,0.0000,0.0000,1.0000,0.125,,,,,,,
3,Left,17,-0.0025,-0.0005,0.0539,0.1187,-0.0719,0.0580,0.9886,0.125,,,,,,,
3,Left,18,0.0000,0.0000,0.0390,0.0595,-0.0010,0.0349,0.9976,0.125,,,,,,,
3,Left,19,0.0000,0.0000,0.0266,0.0301,0.0294,0.0061,0.9991,0.125,,,,,,,
3,Left,20,-0.0003,0.0016,0.0243,0.0000,0.0000,0.0000,1.0000,0.125,,,,,,,
3,Left,21,-0.0230,-0.0094,0.0341,0.0183,-0.1403,0.2070,0.9680,0.125,,,,,,,
3,Left,22,0.0000,0.0000,0.0457,0.0785,0.0272,-0.0905,0.9924,0.125,,,,,,,
3,Left,23,0.0000,0.0000,0.0307,0.1062,-0.0380,0.0479,0.9925,0.125,,,,,,,
3,Left,24,0.0000,0.0000,0.0203,0.0104,0.0492,-0.0008,0.9987,0.125,,,,,,,
3,Left,25,0.0002,0.0012,0.0219,0.0000,0.0000,0.0000,1.0000,0.125,,,,,,,
3,Right,0,-0.0024,-0.0053,0.0652,0.0000,0.0000,0.0000,1.0000,0.125,,,,,,,
3,Right,1,0.0000,0.0000,0.0000,0.0000,0.0000,0.0000,1.0000,0.125,0.2262,0.1387,-0.0282,-0.2097,-0.2204,-0.7864,0.5376
3,Right,2,-0.0291,-0.0178,0.0353,-0.0278,-0.3931,0.6049,0.6919,0.125,,,,,,,
3,Right,3,0.0000,0.0000,0.0325,0.1071,0.0609,-0.0830,0.9889,0.125,,,,,,,
3,Right,4,0.0000,0.0000,0.0338,-0.0167,-0.0617,0.0827,0.9945,0.125,,,,,,,
3,Right,5,0.0007,0.0010,0.0246,0.0000,0.0000,0.0000,1.0000,0.125,,,,,,,
3,Right,6,-0.0193,-0.0104,0.0369,0.0000,0.0000,0.0000,1.0000,0.125,,,,,,,
3,Right,7,-0.0043,0.0030,0.0591,0.0162,0.0809,0.0326,0.9961,0.125,,,,,,,
3,Right,8,0.0000,0.0000,0.0379,0.1067,0.0044,-0.0262,0.9939,0.125,,,,,,,
3,Right,9,0.0000,0.0000,0.0243,0.0276,0.0256,-0.0166,0.9992,0.125,,,,,,,
3,Right,10,0.0003,0.0010,0.0224,0.0000,0.0000,0.0000,1.0000,0.125,,,,,,,
3,Right,11,-0.0030,-0.0081,0.0347,0.0000,0.0000,0.0000,1.0000,0.125,,,,,,,
3,Right,12,0.0013,0.0055,0.0609,0.0938,0.1063,-0.0137,0.9898,0.125,,,,,,,
3,Right,13,0.0000,0.0000,0.0429,0.0708,0.0035,-0.0117,0.9974,0.125,,,,,,,
3,Right,14,0.0000,0.0000,0.0275,-0.0220,0.0015,-0.0415,0.9989,0.125,,,,,,,
3,Right,15,0.0003,0.0011,0.0250,0.0000,0.0000,0.0000,1.0000,0.125,,,,,,,
3,Right,16,0.0150,-0.0060,0.0348,0.0000,0.0000,0.0000,1.0000,0.125,,,,,,,
3,Right,17,0.0025,-0.0005,0.0539,0.0985,0.1063,-0.0582,0.9877,0.125,,,,,,,
3,Right,18,0.0000,0.0000,0.0390,0.0700,0.0006,-0.0352,0.9969,0.125,,,,,,,
3,Right,19,0.0000,0.0000,0.0266,0.0350,-0.0294,-0.0063,0.9989,0.125,,,,,,,
3,Right,20,0.0003,0.0016,0.0243,0.0000,0.0000,0.0000,1.0000,0.125,,,,,,,
3,Right,21,0.0230,-0.0094,0.0341,0.0183,0.1403,-0.2070,0.9680,0.125,,,,,,,
3,Right,22,0.0000,0.0000,0.0457,0.0623,-0.0175,0.0903,0.9938,0.125,,,,,,,
3,Right,23,0.0000,0.0000,0.0307,0.1233,0.0373,-0.0493,0.9904,0.125,,,,,,,
3,Right,24,0.0000,0.0000,0.0203,0.0093,-0.0492,0.0008,0.9987,0.125,,,,,,,
3,Right,25,-0.0002,0.0012,0.0219,0.0000,0.0000,0.0000,1.0000,0.125,,,,,,,
4,Left,0,0.0024,-0.0053,0.0652,0.0000,0.0000,0.0000,1.0000,0.167,,,,,,,
4,Left,1,0.0000,0.0000,0.0000,0.0000,0.0000,0.0000,1.0000,0.167,-0.2485,0.1383,-0.0306,-0.1976,0.2441,0.7207,0.6181
4,Left,2,0.0291,-0.0178,0.0353,0.0066,0.4344,-0.6089,0.6637,0.167,,,,,,,
4,Left,3,0.0000,0.0000,0.0325,0.1266,-0.0591,0.0828,0.9867,0.167,,,,,,,
4,Left,4,0.0000,0.0000,0.0338,-0.1260,0.0702,-0.0845,0.9859,0.167,,,,,,,
4,Left,5,-0.0007,0.0010,0.0246,0.0000,0.0000,0.0000,1.0000,0.167,,,,,,,
4,Left,6,0.0193,-0.0104,0.0369,0.0000,0.0000,0.0000,1.0000,0.167,,,,,,,
4,Left,7,0.0043,0.0030,0.0591,0.0786,-0.0767,-0.0296,0.9935,0.167,,,,,,,
4,Left,8,0.0000,0.0000,0.0379,0.1224,-0.0040,0.0263,0.9921,0.167,,,,,,,
4,Left,9,0.0000,0.0000,0.0243,0.0091,-0.0259,0.0165,0.9995,0.167,,,,,,,
4,Left,10,-0.0003,0.0010,0.0224,0.0000,0.0000,0.0000,1.0000,0.167,,,,,,,
4,Left,11,0.0031,-0.0081,0.0347,0.0000,0.0000,0.0000,1.0000,0.167,,,,,,,
4,Left,12,-0.0013,0.0055,0.0610,0.1186,-0.0769,0.0141,0.9899,0.167,,,,,,,
4,Left,13,0.0000,0.0000,0.0429,0.0633,-0.0036,0.0116,0.9979,0.167,,,,,,,
4,Left,14,0.0000,0.0000,0.0275,-0.0287,-0.0018,0.0408,0.9988,0.167,,,,,,,
4,Left,15,-0.0003,0.0011,0.0250,0.0000,0.0000,0.0000,1.0000,0.167,,,,,,,
4,Left,16,-0.0150,-0.0060,0.0348,0.0000,0.0000,0.0000,1.0000,0.167,,,,,,,
4,Left,17,-0.0025,-0.0005,0.0539,0.1176,-0.0713,0.0579,0.9888,0.167,,,,,,,
4,Left,18,0.0000,0.0000,0.0390,0.0743,-0.0005,0.0353,0.9966,0.167,,,,,,,
4,Left,19,0.0000,0.0000,0.0266,0.0372,0.0295,0.0064,0.9989,0.167,,,,,,,
4,Left,20,-0.0003,0.0016,0.0243,0.0000,0.0000,0.0000,1.0000,0.167,,,,,,,
4,Left,21,-0.0230,-0.0094,0.0341,0.0183,-0.1403,0.2070,0.9680,0.167,,,,,,,
4,Left,22,0.0000,0.0000,0.0457,0.0878,0.0300,-0.0906,0.9916,0.167,,,,,,,
4,Left,23,0.0000,0.0000,0.0307,0.1174,-0.0376,0.0488,0.9912,0.167,,,,,,,
4,Left,24,0.0000,0.0000,0.0203,0.0158,0.0491,-0.0008,0.9987,0.167,,,,,,,
4,Left,25,0.0002,0.0012,0.0219,0.0000,0.0000,0.0000,1.0000,0.167,,,,,,,
4,Right,0,-0.0024,-0.0053,0.0652,0.0000,0.0000,0.0000,1.0000,0.167,,,,,,,
4,Right,1,0.0000,0.0000,0.0000,0.0000,0.0000,0.0000,1.0000,0.167,0.2393,0.1441,-0.0261,-0.2000,-0.2467,-0.7309,0.6041
4,Right,2,-0.0291,-0.0178,0.0353,0.0040,-0.4297,0.6094,0.6664,0.167,,,,,,,
4,Right,3,0.0000,0.0000,0.0325,0.1259,0.0592,-0.0828,0.9868,0.167,,,,,,,
4,Right,4,0.0000,0.0000,0.0338,-0.0051,-0.0607,0.0824,0.9947,0.167,,,,,,,
4,Right,5,0.0007,0.0010,0.0246,0.0000,0.0000,0.0000,1.0000,0.167,,,,,,,
4,Right,6,-0.0192,-0.0104,0.0369,0.0000,0.0000,0.0000,1.0000,0.167,,,,,,,
4,Right,7,-0.0043,0.0031,0.0591,0.0299,0.0839,0.0320,0.9955,0.167,,,,,,,
4,Right,8,0.0000,0.0000,0.0379,0.1148,0.0042,-0.0263,0.9930,0.167,,,,,,,
4,Right,9,0.0000,0.0000,0.0243,0.0309,0.0255,-0.0166,0.9991,0.167,,,,,,,
4,Right,10,0.0003,0.0010,0.0224,0.0000,0.0000,0.0000,1.0000,0.167,,,,,,,
4,Right,11,-0.0030,-0.0081,0.0347,0.0000,0.0000,0.0000,1.0000,0.167,,,,,,,
4,Right,12,0.0013,0.0055,0.0609,0.0905,0.1074,-0.0134,0.9900,0.167,,,,,,,
4,Right,13,0.0000,0.0000,0.0429,0.0786,0.0035,-0.0117,0.9968,0.167,,,,,,,
4,Right,14,0.0000,0.0000,0.0275,-0.0156,0.0012,-0.0421,0.9990,0.167,,,,,,,
4,Right,15,0.0003,0.0011,0.0250,0.0000,0.0000,0.0000,1.0000,0.167,,,,,,,
4,Right,16,0.0150,-0.0060,0.0348,0.0000,0.0000,0.0000,1.0000,0.167,,,,,,,
4,Right,17,0.0025,-0.0005,0.0539,0.0847,0.1059,-0.0568,0.9891,0.167,,,,,,,
4,Right,18,0.0000,0.0000,0.0390,0.0795,0.0003,-0.0354,0.9962,0.167,,,,,,,
4,Right,19,0.0000,0.0000,0.0266,0.0435,-0.0295,-0.0067,0.9986,0.167,,,,,,,
4,Right,20,0.0003,0.0016,0.0243,0.0000,0.0000,0.0000,1.0000,0.167,,,,,,,
4,Right,21,0.0230,-0.0094,0.0341,0.0183,0.1403,-0.2070,0.9680,0.167,,,,,,,
4,Right,22,0.0000,0.0000,0.0457,0.0485,-0.0188,0.0907,0.9945,0.167,,,,,,,
4,Right,23,0.0000,0.0000,0.0307,0.1312,0.0369,-0.0500,0.9894,0.167,,,,,,,
4,Right,24,0.0000,0.0000,0.0203,0.0146,-0.0492,0.0008,0.9987,0.167,,,,,,,
4,Right,25,-0.0002,0.0012,0.0219,0.0000,0.0000,0.0000,1.0000,0.167,,,,,,,
5,Left,0,0.0024,-0.0053,0.0652,0.0000,0.0000,0.0000,1.0000,0.208,,,,,,,
5,Left,1,0.0000,0.0000,0.0000,0.0000,0.0000,0.0000,1.0000,0.208,-0.2658,0.1595,-0.0331,-0.1385,0.2584,0.6795,0.6725
5,Left,2,0.0291,-0.0179,0.0354,0.0337,0.4629,-0.6116,0.6407,0.208,,,,,,,
5,Left,3,0.0000,0.0000,0.0325,0.1246,-0.0593,0.0828,0.9870,0.208,,,,,,,
5,Left,4,0.0000,0.0000,0.0338,-0.1283,0.0704,-0.0846,0.9856,0.208,,,,,,,
5,Left,5,-0.0007,0.0010,0.0246,0.0000,0.0000,0.0000,1.0000,0.208,,,,,,,
5,Left,6,0.0192,-0.0104,0.0369,0.0000,0.0000,0.0000,1.0000,0.208,,,,,,,
5,Left,7,0.0043,0.0031,0.0591,0.1178,-0.0780,-0.0278,0.9896,0.208,,,,,,,
5,Left,8,0.0000,0.0000,0.0379,0.1444,-0.0034,0.0263,0.9892,0.208,,,,,,,
5,Left,9,0.0000,0.0000,0.0243,0.0253,-0.0256,0.0166,0.9992,0.208,,,,,,,
5,Left,10,-0.0003,0.0010,0.0224,0.0000,0.0000,0.0000,1.0000,0.208,,,,,,,
5,Left,11,0.0030,-0.0081,0.0347,0.0000,0.0000,0.0000,1.0000,0.208,,,,,,,
5,Left,12,-0.0013,0.0055,0.0609,0.1480,-0.0906,0.0177,0.9847,0.208,,,,,,,
5,Left,13,0.0000,0.0000,0.0429,0.0980,-0.0032,0.0118,0.9951,0.208,,,,,,,
5,Left,14,0.0000,0.0000,0.0275,-0.0113,-0.0010,0.0425,0.9990,0.208,,,,,,,
5,Left,15,-0.0003,0.0011,0.0250,0.0000,0.0000,0.0000,1.0000,0.208,,,,,,,
5,Left,16,-0.0150,-0.0060,0.0348,0.0000,0.0000,0.0000,1.0000,0.208,,,,,,,
5,Left,17,-0.0025,-0.0005,0.0539,0.1233,-0.0798,0.0589,0.9874,0.208,,,,,,,
5,Left,18,0.0000,0.0000,0.0390,0.1098,0.0007,0.0361,0.9933,0.208,,,,,,,
5,Left,19,0.0000,0.0000,0.0266,0.0528,0.0295,0.0071,0.9981,0.208,,,,,,,
5,Left,20,-0.0003,0.0016,0.0243,0.0000,0.0000,0.0000,1.0000,0.208,,,,,,,
5,Left,21,-0.0230,-0.0094,0.0341,0.0183,-0.1403,0.2070,0.9680,0.208,,,,,,,
5,Left,22,0.0000,0.0000,0.0457,0.0887,0.0296,-0.0905,0.9915,0.208,,,,,,,
5,Left,23,0.0000,0.0000,0.0307,0.1423,-0.0364,0.0509,0.9878,0.208,,,,,,,
5,Left,24,0.0000,0.0000,0.0203,0.0232,0.0491,-0.0008,0.9985,0.208,,,,,,,
5,Left,25,0.0002,0.0012,0.0219,0.0000,0.0000,0.0000,1.0000,0.208,,,,,,,
5,Right,0,-0.0023,-0.0054,0.0652,0.0000,0.0000,0.0000,1.0000,0.208,,,,,,,
5,Right,1,0.0000,0.0000,0.0000,0.0000,0.0000,0.0000,1.0000,0.208,0.2549,0.1526,-0.0252,-0.1440,-0.2675,-0.6924,0.6545
5,Right,2,-0.0287,-0.0183,0.0355,0.0335,-0.4494,0.6173,0.6448,0.208,,,,,,,
5,Right,3,0.0000,0.0000,0.0325,0.1310,0.0587,-0.0828,0.9862,0.208,,,,,,,
5,Right,4,0.0000,0.0000,0.0338,-0.0244,-0.0623,0.0828,0.9943,0.208,,,,,,,
5,Right,5,0.0007,0.0010,0.0246,0.0000,0.0000,0.0000,1.0000,0.208,,,,,,,
5,Right,6,-0.0191,-0.0106,0.0370,0.0000,0.0000,0.0000,1.0000,0.208,,,,,,,
5,Right,7,-0.0045,0.0033,0.0590,0.0498,0.0855,0.0309,0.9946,0.208,,,,,,,
5,Right,8,0.0000,0.0000,0.0379,0.1156,0.0042,-0.0263,0.9929,0.208,,,,,,,
5,Right,9,0.0000,0.0000,0.0243,0.0313,0.0255,-0.0166,0.9990,0.208,,,,,,,
5,Right,10,0.0003,0.0010,0.0224,0.0000,0.0000,0.0000,1.0000,0.208,,,,,,,
5,Right,11,-0.0029,-0.0082,0.0348,0.0000,0.0000,0.0000,1.0000,0.208,,,,,,,
5,Right,12,0.0011,0.0057,0.0608,0.1014,0.1083,-0.0146,0.9888,0.208,,,,,,,
5,Right,13,0.0000,0.0000,0.0429,0.0787,0.0035,-0.0117,0.9968,0.208,,,,,,,
5,Right,14,0.0000,0.0000,0.0275,-0.0145,0.0012,-0.0422,0.9990,0.208,,,,,,,
5,Right,15,0.0003,0.0011,0.0250,0.0000,0.0000,0.0000,1.0000,0.208,,,,,,,
5,Right,16,0.0150,-0.0060,0.0348,0.0000,0.0000,0.0000,1.0000,0.208,,,,,,,
5,Right,17,0.0025,-0.0005,0.0539,0.0845,0.1058,-0.0567,0.9892,0.208,,,,,,,
5,Right,18,0.0000,0.0000,0.0390,0.0812,0.0002,-0.0354,0.9961,0.208,,,,,,,
5,Right,19,0.0000,0.0000,0.0266,0.0451,-0.0295,-0.0068,0.9985,0.208,,,,,,,
5,Right,20,0.0003,0.0016,0.0243,0.0000,0.0000,0.0000,1.0000,0.208,,,,,,,
5,Right,21,0.0230,-0.0094,0.0341,0.0183,0.1403,-0.2070,0.9680,0.208,,,,,,,
5,Right,22,0.0000,0.0000,0.0457,0.0365,-0.0188,0.0911,0.9950,0.208,,,,,,,
5,Right,23,0.0000,0.0000,0.0307,0.1325,0.0369,-0.0501,0.9892,0.208,,,,,,,
5,Right,24,0.0000,0.0000,0.0203,0.0176,-0.0491,0.0008,0.9986,0.208,,,,,,,
5,Right,25,-0.0002,0.0012,0.0219,0.0000,0.0000,0.0000,1.0000,0.208,,,,,,,
6,Left,0,0.0023,-0.0054,0.0652,0.0000,0.0000,0.0000,1.0000,0.250,,,,,,,
6,Left,1,0.0000,0.0000,0.0000,0.0000,0.0000,0.0000,1.0000,0.250,-0.2704,0.1744,-0.0361,-0.1189,0.2731,0.6189,0.7268
6,Left,2,0.0288,-0.0182,0.0355,0.0670,0.4892,-0.6163,0.6135,0.250,,,,,,,
6,Left,3,0.0000,0.0000,0.0325,0.1038,-0.0612,0.0830,0.9892,0.250,,,,,,,
6,Left,4,0.0000,0.0000,0.0338,-0.1644,0.0730,-0.0850,0.9800,0.250,,,,,,,
6,Left,5,-0.0007,0.0010,0.0246,0.0000,0.0000,0.0000,1.0000,0.250,,,,,,,
6,Left,6,0.0191,-0.0106,0.0370,0.0000,0.0000,0.0000,1.0000,0.250,,,,,,,
6,Left,7,0.0044,0.0032,0.0590,0.1203,-0.0770,-0.0277,0.9894,0.250,,,,,,,
6,Left,8,0.0000,0.0000,0.0379,0.1472,-0.0033,0.0263,0.9888,0.250,,,,,,,
6,Left,9,0.0000,0.0000,0.0243,0.0304,-0.0255,0.0166,0.9991,0.250,,,,,,,
6,Left,10,-0.0003,0.0010,0.0224,0.0000,0.0000,0.0000,1.0000,0.250,,,,,,,
6,Left,11,0.0029,-0.0082,0.0348,0.0000,0.0000,0.0000,1.0000,0.250,,,,,,,
6,Left,12,-0.0012,0.0056,0.0609,0.1483,-0.0903,0.0177,0.9847,0.250,,,,,,,
6,Left,13,0.0000,0.0000,0.0429,0.0974,-0.0032,0.0118,0.9952,0.250,,,,,,,
6,Left,14,0.0000,0.0000,0.0275,-0.0099,-0.0010,0.0427,0.9990,0.250,,,,,,,
6,Left,15,-0.0003,0.0011,0.0250,0.0000,0.0000,0.0000,1.0000,0.250,,,,,,,
6,Left,16,-0.0150,-0.0060,0.0348,0.0000,0.0000,0.0000,1.0000,0.250,,,,,,,
6,Left,17,-0.0025,-0.0005,0.0539,0.1239,-0.0818,0.0591,0.9871,0.250,,,,,,,
6,Left,18,0.0000,0.0000,0.0390,0.1091,0.0007,0.0360,0.9934,0.250,,,,,,,
6,Left,19,0.0000,0.0000,0.0266,0.0537,0.0295,0.0072,0.9981,0.250,,,,,,,
6,Left,20,-0.0003,0.0016,0.0243,0.0000,0.0000,0.0000,1.0000,0.250,,,,,,,
6,Left,21,-0.0230,-0.0094,0.0341,0.0183,-0.1403,0.2070,0.9680,0.250,,,,,,,
6,Left,22,0.0000,0.0000,0.0457,0.0865,0.0134,-0.0895,0.9921,0.250,,,,,,,
6,Left,23,0.0000,0.0000,0.0307,0.1417,-0.0365,0.0508,0.9879,0.250,,,,,,,
6,Left,24,0.0000,0.0000,0.0203,0.0241,0.0491,-0.0008,0.9985,0.250,,,,,,,
6,Left,25,0.0002,0.0012,0.0219,0.0000,0.0000,0.0000,1.0000,0.250,,,,,,,
6,Right,0,-0.0023,-0.0054,0.0652,0.0000,0.0000,0.0000,1.0000,0.250,,,,,,,
6,Right,1,0.0000,0.0000,0.0000,0.0000,0.0000,0.0000,1.0000,0.250,0.2539,0.1696,-0.0296,-0.1176,-0.2759,-0.6424,0.7052
6,Right,2,-0.0287,-0.0183,0.0356,0.0614,-0.4788,0.6183,0.6203,0.250,,,,,,,
6,Right,3,0.0000,0.0000,0.0325,0.1317,0.0586,-0.0828,0.9861,0.250,,,,,,,
6,Right,4,0.0000,0.0000,0.0338,-0.0657,-0.0656,0.0836,0.9922,0.250,,,,,,,
6,Right,5,0.0007,0.0010,0.0246,0.0000,0.0000,0.0000,1.0000,0.250,,,,,,,
6,Right,6,-0.0191,-0.0106,0.0370,0.0000,0.0000,0.0000,1.0000,0.250,,,,,,,
6,Right,7,-0.0045,0.0033,0.0590,0.1085,0.0868,0.0277,0.9899,0.250,,,,,,,
6,Right,8,0.0000,0.0000,0.0379,0.1161,0.0042,-0.0263,0.9929,0.250,,,,,,,
6,Right,9,0.0000,0.0000,0.0243,0.0306,0.0255,-0.0166,0.9991,0.250,,,,,,,
6,Right,10,0.0003,0.0010,0.0224,0.0000,0.0000,0.0000,1.0000,0.250,,,,,,,
6,Right,11,-0.0029,-0.0082,0.0348,0.0000,0.0000,0.0000,1.0000,0.250,,,,,,,
6,Right,12,0.0011,0.0057,0.0608,0.1326,0.1081,-0.0179,0.9851,0.250,,,,,,,
6,Right,13,0.0000,0.0000,0.0429,0.0736,0.0035,-0.0117,0.9972,0.250,,,,,,,
6,Right,14,0.0000,0.0000,0.0275,-0.0144,0.0012,-0.0422,0.9990,0.250,,,,,,,
6,Right,15,0.0003,0.0011,0.0250,0.0000,0.0000,0.0000,1.0000,0.250,,,,,,,
6,Right,16,0.0150,-0.0060,0.0348,0.0000,0.0000,0.0000,1.0000,0.250,,,,,,,
6,Right,17,0.0025,-0.0005,0.0539,0.0858,0.1056,-0.0569,0.9891,0.250,,,,,,,
6,Right,18,0.0000,0.0000,0.0390,0.0808,0.0003,-0.0354,0.9961,0.250,,,,,,,
6,Right,19,0.0000,0.0000,0.0266,0.0458,-0.0295,-0.0068,0.9985,0.250,,,,,,,
6,Right,20,0.0003,0.0016,0.0243,0.0000,0.0000,0.0000,1.0000,0.250,,,,,,,
6,Right,21,0.0230,-0.0094,0.0341,0.0183,0.1403,-0.2070,0.9680,0.250,,,,,,,
6,Right,22,0.0000,0.0000,0.0457,0.0239,-0.0184,0.0914,0.9954,0.250,,,,,,,
6,Right,23,0.0000,0.0000,0.0307,0.1319,0.0369,-0.0500,0.9893,0.250,,,,,,,
6,Right,24,0.0000,0.0000,0.0203,0.0192,-0.0491,0.0008,0.9986,0.250,,,,,,,
6,Right,25,-0.0002,0.0012,0.0219,0.0000,0.0000,0.0000,1.0000,0.250,,,,,,,
7,Left,0,0.0023,-0.0054,0.0652,0.0000,0.0000,0.0000,1.0000,0.292,,,,,,,
7,Left,1,0.0000,0.0000,0.0000,0.0000,0.0000,0.0000,1.0000,0.292,-0.2587,0.1899,-0.0432,-0.1156,0.2752,0.5400,0.7870
7,Left,2,0.0288,-0.0182,0.0355,0.0721,0.4942,-0.6164,0.6088,0.292,,,,,,,
7,Left,3,0.0000,0.0000,0.0325,0.0742,-0.0638,0.0831,0.9917,0.292,,,,,,,
7,Left,4,0.0000,0.0000,0.0338,-0.1688,0.0733,-0.0850,0.9792,0.292,,,,,,,
7,Left,5,-0.0007,0.0010,0.0246,0.0000,0.0000,0.0000,1.0000,0.292,,,,,,,
7,Left,6,0.0191,-0.0106,0.0370,0.0000,0.0000,0.0000,1.0000,0.292,,,,,,,
7,Left,7,0.0044,0.0032,0.0590,0.1252,-0.0766,-0.0275,0.9888,0.292,,,,,,,
7,Left,8,0.0000,0.0000,0.0379,0.1481,-0.0033,0.0263,0.9886,0.292,,,,,,,
7,Left,9,0.0000,0.0000,0.0243,0.0318,-0.0255,0.0166,0.9990,0.292,,,,,,,
7,Left,10,-0.0003,0.0010,0.0224,0.0000,0.0000,0.0000,1.0000,0.292,,,,,,,
7,Left,11,0.0029,-0.0082,0.0348,0.0000,0.0000,0.0000,1.0000,0.292,,,,,,,
7,Left,12,-0.0012,0.0056,0.0609,0.1527,-0.0918,0.0182,0.9838,0.292,,,,,,,
7,Left,13,0.0000,0.0000,0.0429,0.0972,-0.0032,0.0118,0.9952,0.292,,,,,,,
7,Left,14,0.0000,0.0000,0.0275,-0.0085,-0.0009,0.0428,0.9990,0.292,,,,,,,
7,Left,15,-0.0003,0.0011,0.0250,0.0000,0.0000,0.0000,1.0000,0.292,,,,,,,
7,Left,16,-0.0150,-0.0060,0.0348,0.0000,0.0000,0.0000,1.0000,0.292,,,,,,,
7,Left,17,-0.0025,-0.0005,0.0539,0.1295,-0.0957,0.0606,0.9851,0.292,,,,,,,
7,Left,18,0.0000,0.0000,0.0390,0.1077,0.0006,0.0360,0.9935,0.292,,,,,,,
7,Left,19,0.0000,0.0000,0.0266,0.0545,0.0295,0.0072,0.9981,0.292,,,,,,,
7,Left,20,-0.0003,0.0016,0.0243,0.0000,0.0000,0.0000,1.0000,0.292,,,,,,,
7,Left,21,-0.0230,-0.0094,0.0341,0.0183,-0.1403,0.2070,0.9680,0.292,,,,,,,
7,Left,22,0.0000,0.0000,0.0457,0.0849,0.0125,-0.0894,0.9923,0.292,,,,,,,
7,Left,23,0.0000,0.0000,0.0307,0.1406,-0.0365,0.0507,0.9881,0.292,,,,,,,
7,Left,24,0.0000,0.0000,0.0203,0.0247,0.0491,-0.0008,0.9985,0.292,,,,,,,
7,Left,25,0.0002,0.0012,0.0219,0.0000,0.0000,0.0000,1.0000,0.292,,,,,,,
7,Right,0,-0.0022,-0.0054,0.0653,0.0000,0.0000,0.0000,1.0000,0.292,,,,,,,
7,Right,1,0.0000,0.0000,0.0000,0.0000,0.0000,0.0000,1.0000,0.292,0.2467,0.1801,-0.0330,-0.1128,-0.2759,-0.5915,0.7492
7,Right,2,-0.0284,-0.0187,0.0357,0.0772,-0.4834,0.6231,0.6099,0.292,,,,,,,
7,Right,3,0.0000,0.0000,0.0325,0.1294,0.0588,-0.0828,0.9864,0.292,,,,,,,
7,Right,4,0.0000,0.0000,0.0338,-0.1281,-0.0704,0.0846,0.9856,0.292,,,,,,,
7,Right,5,0.0007,0.0010,0.0246,0.0000,0.0000,0.0000,1.0000,0.292,,,,,,,
7,Right,6,-0.0189,-0.0108,0.0371,0.0000,0.0000,0.0000,1.0000,0.292,,,,,,,
7,Right,7,-0.0046,0.0035,0.0589,0.1449,0.0879,0.0255,0.9852,0.292,,,,,,,
7,Right,8,0.0000,0.0000,0.0379,0.1166,0.0041,-0.0263,0.9928,0.292,,,,,,,
7,Right,9,0.0000,0.0000,0.0243,0.0298,0.0255,-0.0166,0.9991,0.292,,,,,,,
7,Right,10,0.0003,0.0010,0.0224,0.0000,0.0000,0.0000,1.0000,0.292,,,,,,,
7,Right,11,-0.0027,-0.0083,0.0349,0.0000,0.0000,0.0000,1.0000,0.292,,,,,,,
7,Right,12,0.0010,0.0058,0.0607,0.1752,0.1070,-0.0223,0.9784,0.292,,,,,,,
7,Right,13,0.0000,0.0000,0.0429,0.0699,0.0036,-0.0117,0.9975,0.292,,,,,,,
7,Right,14,0.0000,0.0000,0.0275,-0.0146,0.0012,-0.0422,0.9990,0.292,,,,,,,
7,Right,15,0.0003,0.0011,0.0250,0.0000,0.0000,0.0000,1.0000,0.292,,,,,,,
7,Right,16,0.0150,-0.0060,0.0348,0.0000,0.0000,0.0000,1.0000,0.292,,,,,,,
7,Right,17,0.0025,-0.0005,0.0539,0.1296,0.1026,-0.0611,0.9844,0.292,,,,,,,
7,Right,18,0.0000,0.0000,0.0390,0.0793,0.0003,-0.0354,0.9962,0.292,,,,,,,
7,Right,19,0.0000,0.0000,0.0266,0.0460,-0.0295,-0.0068,0.9985,0.292,,,,,,,
7,Right,20,0.0003,0.0016,0.0243,0.0000,0.0000,0.0000,1.0000,0.292,,,,,,,
7,Right,21,0.0230,-0.0094,0.0341,0.0183,0.1403,-0.2070,0.9680,0.292,,,,,,,
7,Right,22,0.0000,0.0000,0.0457,0.0472,-0.0156,0.0907,0.9946,0.292,,,,,,,
7,Right,23,0.0000,0.0000,0.0307,0.1297,0.0370,-0.0498,0.9896,0.292,,,,,,,
7,Right,24,0.0000,0.0000,0.0203,0.0203,-0.0491,0.0008,0.9986,0.292,,,,,,,
7,Right,25,-0.0002,0.0012,0.0219,0.0000,0.0000,0.0000,1.0000,0.292,,,,,,,
8,Left,0,0.0023,-0.0054,0.0652,0.0000,0.0000,0.0000,1.0000,0.333,,,,,,,
8,Left,1,0.0000,0.0000,0.0000,0.0000,0.0000,0.0000,1.0000,0.333,-0.2492,0.1994,-0.0455,-0.1092,0.2670,0.4941,0.8201
8,Left,2,0.0286,-0.0184,0.0356,0.0774,0.4920,-0.6195,0.6067,0.333,,,,,,,
8,Left,3,0.0000,0.0000,0.0325,0.0565,-0.0654,0.0832,0.9928,0.333,,,,,,,
8,Left,4,0.0000,0.0000,0.0338,-0.1705,0.0735,-0.0850,0.9789,0.333,,,,,,,
8,Left,5,-0.0007,0.0010,0.0246,0.0000,0.0000,0.0000,1.0000,0.333,,,,,,,
8,Left,6,0.0190,-0.0107,0.0370,0.0000,0.0000,0.0000,1.0000,0.333,,,,,,,
8,Left,7,0.0045,0.0034,0.0590,0.1296,-0.0766,-0.0273,0.9882,0.333,,,,,,,
8,Left,8,0.0000,0.0000,0.0379,0.1478,-0.0033,0.0263,0.9887,0.333,,,,,,,
8,Left,9,0.0000,0.0000,0.0243,0.0324,-0.0255,0.0166,0.9990,0.333,,,,,,,
8,Left,10,-0.0003,0.0010,0.0224,0.0000,0.0000,0.0000,1.0000,0.333,,,,,,,
8,Left,11,0.0028,-0.0082,0.0348,0.0000,0.0000,0.0000,1.0000,0.333,,,,,,,
8,Left,12,-0.0011,0.0057,0.0608,0.1622,-0.0928,0.0192,0.9822,0.333,,,,,,,
8,Left,13,0.0000,0.0000,0.0429,0.0960,-0.0033,0.0118,0.9953,0.333,,,,,,,
8,Left,14,0.0000,0.0000,0.0275,-0.0077,-0.0009,0.0429,0.9991,0.333,,,,,,,
8,Left,15,-0.0003,0.0011,0.0250,0.0000,0.0000,0.0000,1.0000,0.333,,,,,,,
8,Left,16,-0.0150,-0.0060,0.0348,0.0000,0.0000,0.0000,1.0000,0.333,,,,,,,
8,Left,17,-0.0025,-0.0005,0.0539,0.1419,-0.1016,0.0622,0.9827,0.333,,,,,,,
8,Left,18,0.0000,0.0000,0.0390,0.1040,0.0005,0.0359,0.9939,0.333,,,,,,,
8,Left,19,0.0000,0.0000,0.0266,0.0548,0.0295,0.0072,0.9980,0.333,,,,,,,
8,Left,20,-0.0003,0.0016,0.0243,0.0000,0.0000,0.0000,1.0000,0.333,,,,,,,
8,Left,21,-0.0230,-0.0094,0.0341,0.0183,-0.1403,0.2070,0.9680,0.333,,,,,,,
8,Left,22,0.0000,0.0000,0.0457,0.0855,0.0100,-0.0892,0.9923,0.333,,,,,,,
8,Left,23,0.0000,0.0000,0.0307,0.1402,-0.0365,0.0507,0.9882,0.333,,,,,,,
8,Left,24,0.0000,0.0000,0.0203,0.0249,0.0491,-0.0008,0.9985,0.333,,,,,,,
8,Left,25,0.0002,0.0012,0.0219,0.0000,0.0000,0.0000,1.0000,0.333,,,,,,,
8,Right,0,-0.0021,-0.0055,0.0654,0.0000,0.0000,0.0000,1.0000,0.333,,,,,,,
8,Right,1,0.0000,0.0000,0.0000,0.0000,0.0000,0.0000,1.0000,0.333,0.2414,0.1879,-0.0349,-0.1105,-0.2792,-0.5490,0.7800
8,Right,2,-0.0278,-0.0194,0.0361,0.0943,-0.4771,0.6329,0.6024,0.333,,,,,,,
8,Right,3,0.0000,0.0000,0.0325,0.1196,0.0597,-0.0829,0.9876,0.333,,,,,,,
8,Right,4,0.0000,0.0000,0.0338,-0.1592,-0.0727,0.0849,0.9809,0.333,,,,,,,
8,Right,5,0.0007,0.0010,0.0246,0.0000,0.0000,0.0000,1.0000,0.333,,,,,,,
8,Right,6,-0.0186,-0.0112,0.0372,0.0000,0.0000,0.0000,1.0000,0.333,,,,,,,
8,Right,7,-0.0049,0.0039,0.0588,0.1772,0.0836,0.0243,0.9803,0.333,,,,,,,
8,Right,8,0.0000,0.0000,0.0379,0.1169,0.0041,-0.0263,0.9928,0.333,,,,,,,
8,Right,9,0.0000,0.0000,0.0243,0.0287,0.0255,-0.0166,0.9991,0.333,,,,,,,
8,Right,10,0.0003,0.0010,0.0224,0.0000,0.0000,0.0000,1.0000,0.333,,,,,,,
8,Right,11,-0.0024,-0.0085,0.0351,0.0000,0.0000,0.0000,1.0000,0.333,,,,,,,
8,Right,12,0.0007,0.0059,0.0606,0.2282,0.1048,-0.0277,0.9676,0.333,,,,,,,
8,Right,13,0.0000,0.0000,0.0429,0.0679,0.0036,-0.0117,0.9976,0.333,,,,,,,
8,Right,14,0.0000,0.0000,0.0275,-0.0148,0.0012,-0.0422,0.9990,0.333,,,,,,,
8,Right,15,0.0003,0.0011,0.0250,0.0000,0.0000,0.0000,1.0000,0.333,,,,,,,
8,Right,16,0.0150,-0.0060,0.0348,0.0000,0.0000,0.0000,1.0000,0.333,,,,,,,
8,Right,17,0.0025,-0.0005,0.0539,0.1870,0.0986,-0.0665,0.9751,0.333,,,,,,,
8,Right,18,0.0000,0.0000,0.0390,0.0782,0.0004,-0.0354,0.9963,0.333,,,,,,,
8,Right,19,0.0000,0.0000,0.0266,0.0464,-0.0295,-0.0068,0.9985,0.333,,,,,,,
8,Right,20,0.0003,0.0016,0.0243,0.0000,0.0000,0.0000,1.0000,0.333,,,,,,,
8,Right,21,0.0230,-0.0094,0.0341,0.0183,0.1403,-0.2070,0.9680,0.333,,,,,,,
8,Right,22,0.0000,0.0000,0.0457,0.0990,-0.0105,0.0889,0.9911,0.333,,,,,,,
8,Right,23,0.0000,0.0000,0.0307,0.1285,0.0371,-0.0497,0.9898,0.333,,,,,,,
8,Right,24,0.0000,0.0000,0.0203,0.0211,-0.0491,0.0008,0.9986,0.333,,,,,,,
8,Right,25,-0.0002,0.0012,0.0219,0.0000,0.0000,0.0000,1.0000,0.333,,,,,,,
9,Left,0,0.0022,-0.0054,0.0653,0.0000,0.0000,0.0000,1.0000,0.375,,,,,,,
9,Left,1,0.0000,0.0000,0.0000,0.0000,0.0000,0.0000,1.0000,0.375,-0.2429,0.2018,-0.0432,-0.0907,0.2815,0.4765,0.8279
9,Left,2,0.0284,-0.0187,0.0358,0.0837,0.4887,-0.6235,0.6045,0.375,,,,,,,
9,Left,3,0.0000,0.0000,0.0325,0.0595,-0.0651,0.0832,0.9926,0.375,,,,,,,
9,Left,4,0.0000,0.0000,0.0338,-0.1715,0.0735,-0.0850,0.9788,0.375,,,,,,,
9,Left,5,-0.0007,0.0010,0.0246,0.0000,0.0000,0.0000,1.0000,0.375,,,,,,,
9,Left,6,0.0189,-0.0108,0.0371,0.0000,0.0000,0.0000,1.0000,0.375,,,,,,,
9,Left,7,0.0047,0.0035,0.0589,0.1308,-0.0750,-0.0274,0.9882,0.375,,,,,,,
9,Left,8,0.0000,0.0000,0.0379,0.1477,-0.0033,0.0263,0.9887,0.375,,,,,,,
9,Left,9,0.0000,0.0000,0.0243,0.0329,-0.0255,0.0166,0.9990,0.375,,,,,,,
9,Left,10,-0.0003,0.0010,0.0224,0.0000,0.0000,0.0000,1.0000,0.375,,,,,,,
9,Left,11,0.0027,-0.0083,0.0349,0.0000,0.0000,0.0000,1.0000,0.375,,,,,,,
9,Left,12,-0.0010,0.0058,0.0607,0.1637,-0.0922,0.0193,0.9820,0.375,,,,,,,
9,Left,13,0.0000,0.0000,0.0429,0.0877,-0.0034,0.0118,0.9961,0.375,,,,,,,
9,Left,14,0.0000,0.0000,0.0275,-0.0073,-0.0009,0.0429,0.9991,0.375,,,,,,,
9,Left,15,-0.0003,0.0011,0.0250,0.0000,0.0000,0.0000,1.0000,0.375,,,,,,,
9,Left,16,-0.0150,-0.0060,0.0348,0.0000,0.0000,0.0000,1.0000,0.375,,,,,,,
9,Left,17,-0.0025,-0.0005,0.0539,0.1461,-0.1014,0.0626,0.9821,0.375,,,,,,,
9,Left,18,0.0000,0.0000,0.0390,0.0930,0.0001,0.0357,0.9950,0.375,,,,,,,
9,Left,19,0.0000,0.0000,0.0266,0.0546,0.0295,0.0072,0.9980,0.375,,,,,,,
9,Left,20,-0.0003,0.0016,0.0243,0.0000,0.0000,0.0000,1.0000,0.375,,,,,,,
9,Left,21,-0.0230,-0.0094,0.0341,0.0183,-0.1403,0.2070,0.9680,0.375,,,,,,,
9,Left,22,0.0000,0.0000,0.0457,0.0871,0.0096,-0.0892,0.9921,0.375,,,,,,,
9,Left,23,0.0000,0.0000,0.0307,0.1391,-0.0366,0.0506,0.9883,0.375,,,,,,,
9,Left,24,0.0000,0.0000,0.0203,0.0246,0.0491,-0.0008,0.9985,0.375,,,,,,,
9,Left,25,0.0002,0.0012,0.0219,0.0000,0.0000,0.0000,1.0000,0.375,,,,,,,
9,Right,0,-0.0019,-0.0056,0.0654,0.0000,0.0000,0.0000,1.0000,0.375,,,,,,,
9,Right,1,0.0000,0.0000,0.0000,0.0000,0.0000,0.0000,1.0000,0.375,0.2339,0.1922,-0.0355,-0.1202,-0.2825,-0.5093,0.8040
9,Right,2,-0.0273,-0.0199,0.0363,0.1062,-0.4717,0.6398,0.5973,0.375,,,,,,,
9,Right,3,0.0000,0.0000,0.0325,0.1167,0.0600,-0.0829,0.9879,0.375,,,,,,,
9,Right,4,0.0000,0.0000,0.0338,-0.1598,-0.0727,0.0849,0.9808,0.375,,,,,,,
9,Right,5,0.0007,0.0010,0.0246,0.0000,0.0000,0.0000,1.0000,0.375,,,,,,,
9,Right,6,-0.0184,-0.0114,0.0374,0.0000,0.0000,0.0000,1.0000,0.375,,,,,,,
9,Right,7,-0.0052,0.0041,0.0586,0.1982,0.0755,0.0245,0.9769,0.375,,,,,,,
9,Right,8,0.0000,0.0000,0.0379,0.1173,0.0041,-0.0263,0.9927,0.375,,,,,,,
9,Right,9,0.0000,0.0000,0.0243,0.0277,0.0256,-0.0166,0.9992,0.375,,,,,,,
9,Right,10,0.0003,0.0010,0.0224,0.0000,0.0000,0.0000,1.0000,0.375,,,,,,,
9,Right,11,-0.0022,-0.0086,0.0352,0.0000,0.0000,0.0000,1.0000,0.375,,,,,,,
9,Right,12,0.0004,0.0061,0.0605,0.2552,0.0998,-0.0295,0.9613,0.375,,,,,,,
9,Right,13,0.0000,0.0000,0.0429,0.0665,0.0036,-0.0116,0.9977,0.375,,,,,,,
9,Right,14,0.0000,0.0000,0.0275,-0.0143,0.0012,-0.0422,0.9990,0.375,,,,,,,
9,Right,15,0.0003,0.0011,0.0250,0.0000,0.0000,0.0000,1.0000,0.375,,,,,,,
9,Right,16,0.0150,-0.0060,0.0348,0.0000,0.0000,0.0000,1.0000,0.375,,,,,,,
9,Right,17,0.0025,-0.0005,0.0539,0.2182,0.0967,-0.0694,0.9686,0.375,,,,,,,
9,Right,18,0.0000,0.0000,0.0390,0.0769,0.0004,-0.0353,0.9964,0.375,,,,,,,
9,Right,19,0.0000,0.0000,0.0266,0.0465,-0.0295,-0.0068,0.9985,0.375,,,,,,,
9,Right,20,0.0003,0.0016,0.0243,0.0000,0.0000,0.0000,1.0000,0.375,,,,,,,
9,Right,21,0.0230,-0.0094,0.0341,0.0183,0.1403,-0.2070,0.9680,0.375,,,,,,,
9,Right,22,0.0000,0.0000,0.0457,0.1277,-0.0083,0.0878,0.9879,0.375,,,,,,,
9,Right,23,0.0000,0.0000,0.0307,0.1279,0.0371,-0.0497,0.9899,0.375,,,,,,,
9,Right,24,0.0000,0.0000,0.0203,0.0217,-0.0491,0.0008,0.9986,0.375,,,,,,,
9,Right,25,-0.0002,0.0012,0.0219,0.0000,0.0000,0.0000,1.0000,0.375,,,,,,,
10,Left,0,0.0022,-0.0054,0.0653,0.0000,0.0000,0.0000,1.0000,0.417,,,,,,,
10,Left,1,0.0000,0.0000,0.0000,0.0000,0.0000,0.0000,1.0000,0.417,-0.2292,0.2019,-0.0376,-0.0885,0.2834,0.4686,0.8320
10,Left,2,0.0284,-0.0188,0.0358,0.0836,0.4874,-0.6240,0.6050,0.417,,,,,,,
10,Left,3,0.0000,0.0000,0.0325,0.0668,-0.0645,0.0832,0.9922,0.417,,,,,,,
10,Left,4,0.0000,0.0000,0.0338,-0.1721,0.0736,-0.0850,0.9786,0.417,,,,,,,
10,Left,5,-0.0007,0.0010,0.0246,0.0000,0.0000,0.0000,1.0000,0.417,,,,,,,
10,Left,6,0.0189,-0.0108,0.0371,0.0000,0.0000,0.0000,1.0000,0.417,,,,,,,
10,Left,7,0.0047,0.0035,0.0589,0.1308,-0.0738,-0.0275,0.9883,0.417,,,,,,,
10,Left,8,0.0000,0.0000,0.0379,0.1485,-0.0033,0.0263,0.9886,0.417,,,,,,,
10,Left,9,0.0000,0.0000,0.0243,0.0341,-0.0255,0.0166,0.9990,0.417,,,,,,,
10,Left,10,-0.0003,0.0010,0.0224,0.0000,0.0000,0.0000,1.0000,0.417,,,,,,,
10,Left,11,0.0027,-0.0083,0.0349,0.0000,0.0000,0.0000,1.0000,0.417,,,,,,,
10,Left,12,-0.0010,0.0058,0.0607,0.1649,-0.0910,0.0193,0.9819,0.417,,,,,,,
10,Left,13,0.0000,0.0000,0.0429,0.0839,-0.0034,0.0117,0.9964,0.417,,,,,,,
10,Left,14,0.0000,0.0000,0.0275,-0.0067,-0.0008,0.0430,0.9991,0.417,,,,,,,
10,Left,15,-0.0003,0.0011,0.0250,0.0000,0.0000,0.0000,1.0000,0.417,,,,,,,
10,Left,16,-0.0150,-0.0060,0.0348,0.0000,0.0000,0.0000,1.0000,0.417,,,,,,,
10,Left,17,-0.0025,-0.0005,0.0539,0.1526,-0.1007,0.0632,0.9811,0.417,,,,,,,
10,Left,18,0.0000,0.0000,0.0390,0.0913,0.0001,0.0357,0.9952,0.417,,,,,,,
10,Left,19,0.0000,0.0000,0.0266,0.0545,0.0295,0.0072,0.9981,0.417,,,,,,,
10,Left,20,-0.0003,0.0016,0.0243,0.0000,0.0000,0.0000,1.0000,0.417,,,,,,,
10,Left,21,-0.0230,-0.0094,0.0341,0.0183,-0.1403,0.2070,0.9680,0.417,,,,,,,
10,Left,22,0.0000,0.0000,0.0457,0.0879,0.0094,-0.0891,0.9921,0.417,,,,,,,
10,Left,23,0.0000,0.0000,0.0307,0.1379,-0.0366,0.0505,0.9885,0.417,,,,,,,
10,Left,24,0.0000,0.0000,0.0203,0.0248,0.0491,-0.0008,0.9985,0.417,,,,,,,
10,Left,25,0.0002,0.0012,0.0219,0.0000,0.0000,0.0000,1.0000,0.417,,,,,,,
10,Right,0,-0.0020,-0.0056,0.0654,0.0000,0.0000,0.0000,1.0000,0.417,,,,,,,
10,Right,1,0.0000,0.0000,0.0000,0.0000,0.0000,0.0000,1.0000,0.417,0.2212,0.2021,-0.0325,-0.1048,-0.2917,-0.4603,0.8319
10,Right,2,-0.0275,-0.0197,0.0362,0.1047,-0.4767,0.6370,0.5966,0.417,,,,,,,
10,Right,3,0.0000,0.0000,0.0325,0.1162,0.0601,-0.0829,0.9879,0.417,,,,,,,
10,Right,4,0.0000,0.0000,0.0338,-0.1607,-0.0728,0.0849,0.9806,0.417,,,,,,,
10,Right,5,0.0007,0.0010,0.0246,0.0000,0.0000,0.0000,1.0000,0.417,,,,,,,
10,Right,6,-0.0185,-0.0113,0.0373,0.0000,0.0000,0.0000,1.0000,0.417,,,,,,,
10,Right,7,-0.0051,0.0040,0.0587,0.2014,0.0752,0.0244,0.9763,0.417,,,,,,,
10,Right,8,0.0000,0.0000,0.0379,0.1170,0.0041,-0.0263,0.9928,0.417,,,,,,,
10,Right,9,0.0000,0.0000,0.0243,0.0275,0.0256,-0.0166,0.9992,0.417,,,,,,,
10,Right,10,0.0003,0.0010,0.0224,0.0000,0.0000,0.0000,1.0000,0.417,,,,,,,
10,Right,11,-0.0023,-0.0086,0.0351,0.0000,0.0000,0.0000,1.0000,0.417,,,,,,,
10,Right,12,0.0005,0.0060,0.0605,0.2553,0.0988,-0.0293,0.9613,0.417,,,,,,,
10,Right,13,0.0000,0.0000,0.0429,0.0648,0.0036,-0.0116,0.9978,0.417,,,,,,,
10,Right,14,0.0000,0.0000,0.0275,-0.0136,0.0011,-0.0423,0.9990,0.417,,,,,,,
10,Right,15,0.0003,0.0011,0.0250,0.0000,0.0000,0.0000,1.0000,0.417,,,,,,,
10,Right,16,0.0150,-0.0060,0.0348,0.0000,0.0000,0.0000,1.0000,0.417,,,,,,,
10,Right,17,0.0025,-0.0005,0.0539,0.2195,0.0974,-0.0696,0.9682,0.417,,,,,,,
10,Right,18,0.0000,0.0000,0.0390,0.0753,0.0004,-0.0353,0.9965,0.417,,,,,,,
10,Right,19,0.0000,0.0000,0.0266,0.0471,-0.0295,-0.0069,0.9984,0.417,,,,,,,
10,Right,20,0.0003,0.0016,0.0243,0.0000,0.0000,0.0000,1.0000,0.417,,,,,,,
10,Right,21,0.0230,-0.0094,0.0341,0.0183,0.1403,-0.2070,0.9680,0.417,,,,,,,
10,Right,22,0.0000,0.0000,0.0457,0.1352,-0.0101,0.0878,0.9869,0.417,,,,,,,
10,Right,23,0.0000,0.0000,0.0307,0.1233,0.0373,-0.0493,0.9904,0.417,,,,,,,
10,Right,24,0.0000,0.0000,0.0203,0.0222,-0.0491,0.0008,0.9985,0.417,,,,,,,
10,Right,25,-0.0002,0.0012,0.0219,0.0000,0.0000,0.0000,1.0000,0.417,,,,,,,
11,Left,0,0.0022,-0.0054,0.0653,0.0000,0.0000,0.0000,1.0000,0.458,,,,,,,
11,Left,1,0.0000,0.0000,0.0000,0.0000,0.0000,0.0000,1.0000,0.458,-0.2168,0.1991,-0.0376,-0.0835,0.2914,0.4565,0.8365
11,Left,2,0.0284,-0.0187,0.0358,0.0822,0.4875,-0.6235,0.6057,0.458,,,,,,,
11,Left,3,0.0000,0.0000,0.0325,0.0890,-0.0625,0.0831,0.9906,0.458,,,,,,,
11,Left,4,0.0000,0.0000,0.0338,-0.1726,0.0736,-0.0850,0.9785,0.458,,,,,,,
11,Left,5,-0.0007,0.0010,0.0246,0.0000,0.0000,0.0000,1.0000,0.458,,,,,,,
11,Left,6,0.0189,-0.0108,0.0371,0.0000,0.0000,0.0000,1.0000,0.458,,,,,,,
11,Left,7,0.0046,0.0035,0.0589,0.1320,-0.0660,-0.0281,0.9886,0.458,,,,,,,
11,Left,8,0.0000,0.0000,0.0379,0.1496,-0.0033,0.0263,0.9884,0.458,,,,,,,
11,Left,9,0.0000,0.0000,0.0243,0.0355,-0.0254,0.0166,0.9989,0.458,,,,,,,
11,Left,10,-0.0003,0.0010,0.0224,0.0000,0.0000,0.0000,1.0000,0.458,,,,,,,
11,Left,11,0.0027,-0.0083,0.0349,0.0000,0.0000,0.0000,1.0000,0.458,,,,,,,
11,Left,12,-0.0010,0.0058,0.0607,0.1931,-0.0890,0.0215,0.9769,0.458,,,,,,,
11,Left,13,0.0000,0.0000,0.0429,0.0838,-0.0034,0.0117,0.9964,0.458,,,,,,,
11,Left,14,0.0000,0.0000,0.0275,-0.0054,-0.0008,0.0431,0.9991,0.458,,,,,,,
11,Left,15,-0.0003,0.0011,0.0250,0.0000,0.0000,0.0000,1.0000,0.458,,,,,,,
11,Left,16,-0.0150,-0.0060,0.0348,0.0000,0.0000,0.0000,1.0000,0.458,,,,,,,
11,Left,17,-0.0025,-0.0005,0.0539,0.1723,-0.0985,0.0650,0.9780,0.458,,,,,,,
11,Left,18,0.0000,0.0000,0.0390,0.0905,0.0001,0.0356,0.9953,0.458,,,,,,,
11,Left,19,0.0000,0.0000,0.0266,0.0545,0.0295,0.0072,0.9981,0.458,,,,,,,
11,Left,20,-0.0003,0.0016,0.0243,0.0000,0.0000,0.0000,1.0000,0.458,,,,,,,
11,Left,21,-0.0230,-0.0094,0.0341,0.0183,-0.1403,0.2070,0.9680,0.458,,,,,,,
11,Left,22,0.0000,0.0000,0.0457,0.0971,0.0090,-0.0888,0.9913,0.458,,,,,,,
11,Left,23,0.0000,0.0000,0.0307,0.1365,-0.0367,0.0504,0.9887,0.458,,,,,,,
11,Left,24,0.0000,0.0000,0.0203,0.0252,0.0491,-0.0008,0.9985,0.458,,,,,,,
11,Left,25,0.0002,0.0012,0.0219,0.0000,0.0000,0.0000,1.0000,0.458,,,,,,,
11,Right,0,-0.0020,-0.0055,0.0654,0.0000,0.0000,0.0000,1.0000,0.458,,,,,,,
11,Right,1,0.0000,0.0000,0.0000,0.0000,0.0000,0.0000,1.0000,0.458,0.2144,0.2016,-0.0285,-0.0890,-0.2962,-0.4582,0.8333
11,Right,2,-0.0276,-0.0197,0.0362,0.1038,-0.4780,0.6361,0.5968,0.458,,,,,,,
11,Right,3,0.0000,0.0000,0.0325,0.1213,0.0596,-0.0829,0.9874,0.458,,,,,,,
11,Right,4,0.0000,0.0000,0.0338,-0.1597,-0.0727,0.0849,0.9808,0.458,,,,,,,
11,Right,5,0.0007,0.0010,0.0246,0.0000,0.0000,0.0000,1.0000,0.458,,,,,,,
11,Right,6,-0.0185,-0.0113,0.0373,0.0000,0.0000,0.0000,1.0000,0.458,,,,,,,
11,Right,7,-0.0051,0.0040,0.0587,0.2051,0.0741,0.0244,0.9756,0.458,,,,,,,
11,Right,8,0.0000,0.0000,0.0379,0.1171,0.0041,-0.0263,0.9928,0.458,,,,,,,
11,Right,9,0.0000,0.0000,0.0243,0.0281,0.0256,-0.0166,0.9991,0.458,,,,,,,
11,Right,10,0.0003,0.0010,0.0224,0.0000,0.0000,0.0000,1.0000,0.458,,,,,,,
11,Right,11,-0.0023,-0.0085,0.0351,0.0000,0.0000,0.0000,1.0000,0.458,,,,,,,
11,Right,12,0.0006,0.0060,0.0605,0.2552,0.0977,-0.0291,0.9615,0.458,,,,,,,
11,Right,13,0.0000,0.0000,0.0429,0.0633,0.0036,-0.0116,0.9979,0.458,,,,,,,
11,Right,14,0.0000,0.0000,0.0275,-0.0126,0.0011,-0.0424,0.9990,0.458,,,,,,,
11,Right,15,0.0003,0.0011,0.0250,0.0000,0.0000,0.0000,1.0000,0.458,,,,,,,
11,Right,16,0.0150,-0.0060,0.0348,0.0000,0.0000,0.0000,1.0000,0.458,,,,,,,
11,Right,17,0.0025,-0.0005,0.0539,0.2229,0.0970,-0.0699,0.9675,0.458,,,,,,,
11,Right,18,0.0000,0.0000,0.0390,0.0736,0.0005,-0.0353,0.9967,0.458,,,,,,,
11,Right,19,0.0000,0.0000,0.0266,0.0476,-0.0295,-0.0069,0.9984,0.458,,,,,,,
11,Right,20,0.0003,0.0016,0.0243,0.0000,0.0000,0.0000,1.0000,0.458,,,,,,,
11,Right,21,0.0230,-0.0094,0.0341,0.0183,0.1403,-0.2070,0.9680,0.458,,,,,,,
11,Right,22,0.0000,0.0000,0.0457,0.1461,-0.0101,0.0875,0.9853,0.458,,,,,,,
11,Right,23,0.0000,0.0000,0.0307,0.1184,0.0375,-0.0489,0.9910,0.458,,,,,,,
11,Right,24,0.0000,0.0000,0.0203,0.0224,-0.0491,0.0008,0.9985,0.458,,,,,,,
11,Right,25,-0.0002,0.0012,0.0219,0.0000,0.0000,0.0000,1.0000,0.458,,,,,,,
12,Left,0,0.0022,-0.0054,0.0653,0.0000,0.0000,0.0000,1.0000,0.500,,,,,,,
12,Left,1,0.0000,0.0000,0.0000,0.0000,0.0000,0.0000,1.0000,0.500,-0.2097,0.1949,-0.0337,-0.0819,0.3001,0.4493,0.8375
12,Left,2,0.0284,-0.0187,0.0357,0.0791,0.4860,-0.6228,0.6080,0.500,,,,,,,
12,Left,3,0.0000,0.0000,0.0325,0.1113,-0.0605,0.0829,0.9885,0.500,,,,,,,
12,Left,4,0.0000,0.0000,0.0338,-0.1694,0.0734,-0.0850,0.9791,0.500,,,,,,,
12,Left,5,-0.0007,0.0010,0.0246,0.0000,0.0000,0.0000,1.0000,0.500,,,,,,,
12,Left,6,0.0189,-0.0108,0.0371,0.0000,0.0000,0.0000,1.0000,0.500,,,,,,,
12,Left,7,0.0046,0.0035,0.0589,0.1354,-0.0608,-0.0284,0.9885,0.500,,,,,,,
12,Left,8,0.0000,0.0000,0.0379,0.1504,-0.0032,0.0263,0.9883,0.500,,,,,,,
12,Left,9,0.0000,0.0000,0.0243,0.0363,-0.0254,0.0166,0.9989,0.500,,,,,,,
12,Left,10,-0.0003,0.0010,0.0224,0.0000,0.0000,0.0000,1.0000,0.500,,,,,,,
12,Left,11,0.0027,-0.0083,0.0349,0.0000,0.0000,0.0000,1.0000,0.500,,,,,,,
12,Left,12,-0.0010,0.0058,0.0607,0.2201,-0.0850,0.0232,0.9715,0.500,,,,,,,
12,Left,13,0.0000,0.0000,0.0429,0.0844,-0.0034,0.0117,0.9964,0.500,,,,,,,
12,Left,14,0.0000,0.0000,0.0275,-0.0041,-0.0007,0.0432,0.9991,0.500,,,,,,,
12,Left,15,-0.0003,0.0011,0.0250,0.0000,0.0000,0.0000,1.0000,0.500,,,,,,,
12,Left,16,-0.0150,-0.0060,0.0348,0.0000,0.0000,0.0000,1.0000,0.500,,,,,,,
12,Left,17,-0.0025,-0.0005,0.0539,0.2031,-0.0948,0.0675,0.9722,0.500,,,,,,,
12,Left,18,0.0000,0.0000,0.0390,0.0907,0.0001,0.0356,0.9952,0.500,,,,,,,
12,Left,19,0.0000,0.0000,0.0266,0.0549,0.0295,0.0072,0.9980,0.500,,,,,,,
12,Left,20,-0.0003,0.0016,0.0243,0.0000,0.0000,0.0000,1.0000,0.500,,,,,,,
12,Left,21,-0.0230,-0.0094,0.0341,0.0183,-0.1403,0.2070,0.9680,0.500,,,,,,,
12,Left,22,0.0000,0.0000,0.0457,0.1231,0.0078,-0.0879,0.9885,0.500,,,,,,,
12,Left,23,0.0000,0.0000,0.0307,0.1361,-0.0367,0.0504,0.9887,0.500,,,,,,,
12,Left,24,0.0000,0.0000,0.0203,0.0261,0.0491,-0.0008,0.9984,0.500,,,,,,,
12,Left,25,0.0002,0.0012,0.0219,0.0000,0.0000,0.0000,1.0000,0.500,,,,,,,
12,Right,0,-0.0020,-0.0055,0.0654,0.0000,0.0000,0.0000,1.0000,0.500,,,,,,,
12,Right,1,0.0000,0.0000,0.0000,0.0000,0.0000,0.0000,1.0000,0.500,0.2084,0.1999,-0.0253,-0.0828,-0.2969,-0.4519,0.8371
12,Right,2,-0.0276,-0.0197,0.0362,0.1040,-0.4788,0.6359,0.5964,0.500,,,,,,,
12,Right,3,0.0000,0.0000,0.0325,0.1307,0.0587,-0.0828,0.9862,0.500,,,,,,,
12,Right,4,0.0000,0.0000,0.0338,-0.1580,-0.0726,0.0849,0.9811,0.500,,,,,,,
12,Right,5,0.0007,0.0010,0.0246,0.0000,0.0000,0.0000,1.0000,0.500,,,,,,,
12,Right,6,-0.0185,-0.0113,0.0373,0.0000,0.0000,0.0000,1.0000,0.500,,,,,,,
12,Right,7,-0.0050,0.0040,0.0587,0.2145,0.0736,0.0241,0.9737,0.500,,,,,,,
12,Right,8,0.0000,0.0000,0.0379,0.1162,0.0041,-0.0263,0.9929,0.500,,,,,,,
12,Right,9,0.0000,0.0000,0.0243,0.0277,0.0256,-0.0166,0.9992,0.500,,,,,,,
12,Right,10,0.0003,0.0010,0.0224,0.0000,0.0000,0.0000,1.0000,0.500,,,,,,,
12,Right,11,-0.0023,-0.0085,0.0351,0.0000,0.0000,0.0000,1.0000,0.500,,,,,,,
12,Right,12,0.0006,0.0060,0.0605,0.2583,0.0970,-0.0292,0.9607,0.500,,,,,,,
12,Right,13,0.0000,0.0000,0.0429,0.0591,0.0037,-0.0116,0.9982,0.500,,,,,,,
12,Right,14,0.0000,0.0000,0.0275,-0.0119,0.0011,-0.0425,0.9990,0.500,,,,,,,
12,Right,15,0.0003,0.0011,0.0250,0.0000,0.0000,0.0000,1.0000,0.500,,,,,,,
12,Right,16,0.0150,-0.0060,0.0348,0.0000,0.0000,0.0000,1.0000,0.500,,,,,,,
12,Right,17,0.0025,-0.0005,0.0539,0.2346,0.0963,-0.0710,0.9647,0.500,,,,,,,
12,Right,18,0.0000,0.0000,0.0390,0.0697,0.0006,-0.0352,0.9969,0.500,,,,,,,
12,Right,19,0.0000,0.0000,0.0266,0.0478,-0.0295,-0.0069,0.9984,0.500,,,,,,,
12,Right,20,0.0003,0.0016,0.0243,0.0000,0.0000,0.0000,1.0000,0.500,,,,,,,
12,Right,21,0.0230,-0.0094,0.0341,0.0183,0.1403,-0.2070,0.9680,0.500,,,,,,,
12,Right,22,0.0000,0.0000,0.0457,0.1616,-0.0095,0.0871,0.9830,0.500,,,,,,,
12,Right,23,0.0000,0.0000,0.0307,0.1121,0.0378,-0.0484,0.9918,0.500,,,,,,,
12,Right,24,0.0000,0.0000,0.0203,0.0224,-0.0491,0.0008,0.9985,0.500,,,,,,,
12,Right,25,-0.0002,0.0012,0.0219,0.0000,0.0000,0.0000,1.0000,0.500,,,,,,,
13,Left,0,0.0022,-0.0054,0.0653,0.0000,0.0000,0.0000,1.0000,0.541,,,,,,,
13,Left,1,0.0000,0.0000,0.0000,0.0000,0.0000,0.0000,1.0000,0.541,-0.2026,0.1891,-0.0291,-0.0776,0.3088,0.4441,0.8375
13,Left,2,0.0284,-0.0187,0.0357,0.0760,0.4830,-0.6228,0.6107,0.541,,,,,,,
13,Left,3,0.0000,0.0000,0.0325,0.1254,-0.0592,0.0828,0.9869,0.541,,,,,,,
13,Left,4,0.0000,0.0000,0.0338,-0.1647,0.0731,-0.0850,0.9800,0.541,,,,,,,
13,Left,5,-0.0007,0.0010,0.0246,0.0000,0.0000,0.0000,1.0000,0.541,,,,,,,
13,Left,6,0.0189,-0.0108,0.0371,0.0000,0.0000,0.0000,1.0000,0.541,,,,,,,
13,Left,7,0.0046,0.0035,0.0589,0.1536,-0.0566,-0.0284,0.9861,0.541,,,,,,,
13,Left,8,0.0000,0.0000,0.0379,0.1493,-0.0033,0.0263,0.9884,0.541,,,,,,,
13,Left,9,0.0000,0.0000,0.0243,0.0365,-0.0254,0.0166,0.9989,0.541,,,,,,,
13,Left,10,-0.0003,0.0010,0.0224,0.0000,0.0000,0.0000,1.0000,0.541,,,,,,,
13,Left,11,0.0027,-0.0083,0.0349,0.0000,0.0000,0.0000,1.0000,0.541,,,,,,,
13,Left,12,-0.0010,0.0057,0.0607,0.2428,-0.0805,0.0243,0.9664,0.541,,,,,,,
13,Left,13,0.0000,0.0000,0.0429,0.0837,-0.0034,0.0117,0.9964,0.541,,,,,,,
13,Left,14,0.0000,0.0000,0.0275,-0.0029,-0.0007,0.0433,0.9991,0.541,,,,,,,
13,Left,15,-0.0003,0.0011,0.0250,0.0000,0.0000,0.0000,1.0000,0.541,,,,,,,
13,Left,16,-0.0150,-0.0060,0.0348,0.0000,0.0000,0.0000,1.0000,0.541,,,,,,,
13,Left,17,-0.0025,-0.0005,0.0539,0.2240,-0.0920,0.0691,0.9678,0.541,,,,,,,
13,Left,18,0.0000,0.0000,0.0390,0.0904,0.0001,0.0356,0.9953,0.541,,,,,,,
13,Left,19,0.0000,0.0000,0.0266,0.0549,0.0295,0.0072,0.9980,0.541,,,,,,,
13,Left,20,-0.0003,0.0016,0.0243,0.0000,0.0000,0.0000,1.0000,0.541,,,,,,,
13,Left,21,-0.0230,-0.0094,0.0341,0.0183,-0.1403,0.2070,0.9680,0.541,,,,,,,
13,Left,22,0.0000,0.0000,0.0457,0.1349,0.0086,-0.0876,0.9869,0.541,,,,,,,
13,Left,23,0.0000,0.0000,0.0307,0.1356,-0.0368,0.0503,0.9888,0.541,,,,,,,
13,Left,24,0.0000,0.0000,0.0203,0.0270,0.0491,-0.0008,0.9984,0.541,,,,,,,
13,Left,25,0.0002,0.0012,0.0219,0.0000,0.0000,0.0000,1.0000,0.541,,,,,,,
13,Right,0,-0.0020,-0.0055,0.0654,0.0000,0.0000,0.0000,1.0000,0.541,,,,,,,
13,Right,1,0.0000,0.0000,0.0000,0.0000,0.0000,0.0000,1.0000,0.541,0.2044,0.1985,-0.0205,-0.0719,-0.2909,-0.4478,0.8424
13,Right,2,-0.0276,-0.0197,0.0362,0.1057,-0.4795,0.6361,0.5952,0.541,,,,,,,
13,Right,3,0.0000,0.0000,0.0325,0.1391,0.0579,-0.0827,0.9851,0.541,,,,,,,
13,Right,4,0.0000,0.0000,0.0338,-0.1566,-0.0725,0.0849,0.9813,0.541,,,,,,,
13,Right,5,0.0007,0.0010,0.0246,0.0000,0.0000,0.0000,1.0000,0.541,,,,,,,
13,Right,6,-0.0185,-0.0113,0.0373,0.0000,0.0000,0.0000,1.0000,0.541,,,,,,,
13,Right,7,-0.0051,0.0040,0.0587,0.2296,0.0730,0.0236,0.9703,0.541,,,,,,,
13,Right,8,0.0000,0.0000,0.0379,0.1079,0.0044,-0.0262,0.9938,0.541,,,,,,,
13,Right,9,0.0000,0.0000,0.0243,0.0266,0.0256,-0.0166,0.9992,0.541,,,,,,,
13,Right,10,0.0003,0.0010,0.0224,0.0000,0.0000,0.0000,1.0000,0.541,,,,,,,
13,Right,11,-0.0023,-0.0085,0.0351,0.0000,0.0000,0.0000,1.0000,0.541,,,,,,,
13,Right,12,0.0006,0.0060,0.0605,0.2677,0.0963,-0.0300,0.9582,0.541,,,,,,,
13,Right,13,0.0000,0.0000,0.0429,0.0516,0.0038,-0.0116,0.9986,0.541,,,,,,,
13,Right,14,0.0000,0.0000,0.0275,-0.0116,0.0011,-0.0425,0.9990,0.541,,,,,,,
13,Right,15,0.0003,0.0011,0.0250,0.0000,0.0000,0.0000,1.0000,0.541,,,,,,,
13,Right,16,0.0150,-0.0060,0.0348,0.0000,0.0000,0.0000,1.0000,0.541,,,,,,,
13,Right,17,0.0025,-0.0005,0.0539,0.2503,0.0955,-0.0725,0.9607,0.541,,,,,,,
13,Right,18,0.0000,0.0000,0.0390,0.0641,0.0008,-0.0350,0.9973,0.541,,,,,,,
13,Right,19,0.0000,0.0000,0.0266,0.0477,-0.0295,-0.0069,0.9984,0.541,,,,,,,
13,Right,20,0.0003,0.0016,0.0243,0.0000,0.0000,0.0000,1.0000,0.541,,,,,,,
13,Right,21,0.0230,-0.0094,0.0341,0.0183,0.1403,-0.2070,0.9680,0.541,,,,,,,
13,Right,22,0.0000,0.0000,0.0457,0.1637,-0.0103,0.0871,0.9826,0.541,,,,,,,
13,Right,23,0.0000,0.0000,0.0307,0.1068,0.0380,-0.0479,0.9924,0.541,,,,,,,
13,Right,24,0.0000,0.0000,0.0203,0.0223,-0.0491,0.0008,0.9985,0.541,,,,,,,
13,Right,25,-0.0002,0.0012,0.0219,0.0000,0.0000,0.0000,1.0000,0.541,,,,,,,
14,Left,0,0.0021,-0.0055,0.0653,0.0000,0.0000,0.0000,1.0000,0.583,,,,,,,
14,Left,1,0.0000,0.0000,0.0000,0.0000,0.0000,0.0000,1.0000,0.583,-0.1954,0.1847,-0.0254,-0.0751,0.3108,0.4465,0.8357
14,Left,2,0.0280,-0.0192,0.0360,0.0888,0.4778,-0.6304,0.6053,0.583,,,,,,,
14,Left,3,0.0000,0.0000,0.0325,0.1536,-0.0566,0.0825,0.9831,0.583,,,,,,,
14,Left,4,0.0000,0.0000,0.0338,-0.1577,0.0725,-0.0849,0.9812,0.583,,,,,,,
14,Left,5,-0.0007,0.0010,0.0246,0.0000,0.0000,0.0000,1.0000,0.583,,,,,,,
14,Left,6,0.0187,-0.0111,0.0372,0.0000,0.0000,0.0000,1.0000,0.583,,,,,,,
14,Left,7,0.0049,0.0038,0.0588,0.1774,-0.0557,-0.0279,0.9822,0.583,,,,,,,
14,Left,8,0.0000,0.0000,0.0379,0.1449,-0.0034,0.0263,0.9891,0.583,,,,,,,
14,Left,9,0.0000,0.0000,0.0243,0.0367,-0.0254,0.0166,0.9989,0.583,,,,,,,
14,Left,10,-0.0003,0.0010,0.0224,0.0000,0.0000,0.0000,1.0000,0.583,,,,,,,
14,Left,11,0.0025,-0.0084,0.0350,0.0000,0.0000,0.0000,1.0000,0.583,,,,,,,
14,Left,12,-0.0008,0.0059,0.0606,0.2594,-0.0740,0.0242,0.9626,0.583,,,,,,,
14,Left,13,0.0000,0.0000,0.0429,0.0819,-0.0034,0.0117,0.9966,0.583,,,,,,,
14,Left,14,0.0000,0.0000,0.0275,-0.0019,-0.0006,0.0434,0.9991,0.583,,,,,,,
14,Left,15,-0.0003,0.0011,0.0250,0.0000,0.0000,0.0000,1.0000,0.583,,,,,,,
14,Left,16,-0.0150,-0.0060,0.0348,0.0000,0.0000,0.0000,1.0000,0.583,,,,,,,
14,Left,17,-0.0025,-0.0005,0.0539,0.2404,-0.0866,0.0698,0.9643,0.583,,,,,,,
14,Left,18,0.0000,0.0000,0.0390,0.0890,0.0000,0.0356,0.9954,0.583,,,,,,,
14,Left,19,0.0000,0.0000,0.0266,0.0551,0.0295,0.0072,0.9980,0.583,,,,,,,
14,Left,20,-0.0003,0.0016,0.0243,0.0000,0.0000,0.0000,1.0000,0.583,,,,,,,
14,Left,21,-0.0230,-0.0094,0.0341,0.0183,-0.1403,0.2070,0.9680,0.583,,,,,,,
14,Left,22,0.0000,0.0000,0.0457,0.1455,0.0211,-0.0890,0.9851,0.583,,,,,,,
14,Left,23,0.0000,0.0000,0.0307,0.1311,-0.0370,0.0500,0.9894,0.583,,,,,,,
14,Left,24,0.0000,0.0000,0.0203,0.0279,0.0491,-0.0008,0.9984,0.583,,,,,,,
14,Left,25,0.0002,0.0012,0.0219,0.0000,0.0000,0.0000,1.0000,0.583,,,,,,,
14,Right,0,-0.0020,-0.0055,0.0654,0.0000,0.0000,0.0000,1.0000,0.583,,,,,,,
14,Right,1,0.0000,0.0000,0.0000,0.0000,0.0000,0.0000,1.0000,0.583,0.1975,0.1998,-0.0209,-0.0714,-0.2937,-0.4205,0.8555
14,Right,2,-0.0275,-0.0197,0.0362,0.1062,-0.4790,0.6365,0.5951,0.583,,,,,,,
14,Right,3,0.0000,0.0000,0.0325,0.1470,0.0572,-0.0826,0.9840,0.583,,,,,,,
14,Right,4,0.0000,0.0000,0.0338,-0.1548,-0.0723,0.0849,0.9816,0.583,,,,,,,
14,Right,5,0.0007,0.0010,0.0246,0.0000,0.0000,0.0000,1.0000,0.583,,,,,,,
14,Right,6,-0.0185,-0.0113,0.0373,0.0000,0.0000,0.0000,1.0000,0.583,,,,,,,
14,Right,7,-0.0051,0.0040,0.0587,0.2377,0.0722,0.0234,0.9684,0.583,,,,,,,
14,Right,8,0.0000,0.0000,0.0379,0.1029,0.0045,-0.0262,0.9943,0.583,,,,,,,
14,Right,9,0.0000,0.0000,0.0243,0.0252,0.0256,-0.0166,0.9992,0.583,,,,,,,
14,Right,10,0.0003,0.0010,0.0224,0.0000,0.0000,0.0000,1.0000,0.583,,,,,,,
14,Right,11,-0.0023,-0.0086,0.0351,0.0000,0.0000,0.0000,1.0000,0.583,,,,,,,
14,Right,12,0.0005,0.0060,0.0605,0.2804,0.0953,-0.0311,0.9546,0.583,,,,,,,
14,Right,13,0.0000,0.0000,0.0429,0.0490,0.0038,-0.0115,0.9987,0.583,,,,,,,
14,Right,14,0.0000,0.0000,0.0275,-0.0108,0.0010,-0.0426,0.9990,0.583,,,,,,,
14,Right,15,0.0003,0.0011,0.0250,0.0000,0.0000,0.0000,1.0000,0.583,,,,,,,
14,Right,16,0.0150,-0.0060,0.0348,0.0000,0.0000,0.0000,1.0000,0.583,,,,,,,
14,Right,17,0.0025,-0.0005,0.0539,0.2641,0.0945,-0.0738,0.9570,0.583,,,,,,,
14,Right,18,0.0000,0.0000,0.0390,0.0624,0.0009,-0.0350,0.9974,0.583,,,,,,,
14,Right,19,0.0000,0.0000,0.0266,0.0480,-0.0295,-0.0069,0.9984,0.583,,,,,,,
14,Right,20,0.0003,0.0016,0.0243,0.0000,0.0000,0.0000,1.0000,0.583,,,,,,,
14,Right,21,0.0230,-0.0094,0.0341,0.0183,0.1403,-0.2070,0.9680,0.583,,,,,,,
14,Right,22,0.0000,0.0000,0.0457,0.1669,-0.0114,0.0872,0.9820,0.583,,,,,,,
14,Right,23,0.0000,0.0000,0.0307,0.1051,0.0381,-0.0478,0.9926,0.583,,,,,,,
14,Right,24,0.0000,0.0000,0.0203,0.0224,-0.0491,0.0008,0.9985,0.583,,,,,,,
14,Right,25,-0.0002,0.0012,0.0219,0.0000,0.0000,0.0000,1.0000,0.583,,,,,,,
15,Left,0,0.0021,-0.0055,0.0653,0.0000,0.0000,0.0000,1.0000,0.625,,,,,,,
15,Left,1,0.0000,0.0000,0.0000,0.0000,0.0000,0.0000,1.0000,0.625,-0.1886,0.1853,-0.0269,-0.0749,0.3109,0.4460,0.8360
15,Left,2,0.0279,-0.0193,0.0360,0.0887,0.4767,-0.6308,0.6057,0.625,,,,,,,
15,Left,3,0.0000,0.0000,0.0325,0.1587,-0.0561,0.0825,0.9823,0.625,,,,,,,
15,Left,4,0.0000,0.0000,0.0338,-0.1536,0.0722,-0.0849,0.9818,0.625,,,,,,,
15,Left,5,-0.0007,0.0010,0.0246,0.0000,0.0000,0.0000,1.0000,0.625,,,,,,,
15,Left,6,0.0187,-0.0111,0.0372,0.0000,0.0000,0.0000,1.0000,0.625,,,,,,,
15,Left,7,0.0049,0.0038,0.0588,0.1934,-0.0555,-0.0276,0.9792,0.625,,,,,,,
15,Left,8,0.0000,0.0000,0.0379,0.1440,-0.0034,0.0263,0.9892,0.625,,,,,,,
15,Left,9,0.0000,0.0000,0.0243,0.0370,-0.0254,0.0166,0.9989,0.625,,,,,,,
15,Left,10,-0.0003,0.0010,0.0224,0.0000,0.0000,0.0000,1.0000,0.625,,,,,,,
15,Left,11,0.0025,-0.0084,0.0350,0.0000,0.0000,0.0000,1.0000,0.625,,,,,,,
15,Left,12,-0.0007,0.0059,0.0606,0.2626,-0.0731,0.0243,0.9618,0.625,,,,,,,
15,Left,13,0.0000,0.0000,0.0429,0.0810,-0.0034,0.0117,0.9966,0.625,,,,,,,
15,Left,14,0.0000,0.0000,0.0275,-0.0013,-0.0006,0.0435,0.9991,0.625,,,,,,,
15,Left,15,-0.0003,0.0011,0.0250,0.0000,0.0000,0.0000,1.0000,0.625,,,,,,,
15,Left,16,-0.0150,-0.0060,0.0348,0.0000,0.0000,0.0000,1.0000,0.625,,,,,,,
15,Left,17,-0.0025,-0.0005,0.0539,0.2563,-0.0848,0.0709,0.9603,0.625,,,,,,,
15,Left,18,0.0000,0.0000,0.0390,0.0883,0.0000,0.0356,0.9955,0.625,,,,,,,
15,Left,19,0.0000,0.0000,0.0266,0.0552,0.0295,0.0072,0.9980,0.625,,,,,,,
15,Left,20,-0.0003,0.0016,0.0243,0.0000,0.0000,0.0000,1.0000,0.625,,,,,,,
15,Left,21,-0.0230,-0.0094,0.0341,0.0183,-0.1403,0.2070,0.9680,0.625,,,,,,,
15,Left,22,0.0000,0.0000,0.0457,0.1599,0.0225,-0.0890,0.9829,0.625,,,,,,,
15,Left,23,0.0000,0.0000,0.0307,0.1293,-0.0370,0.0498,0.9897,0.625,,,,,,,
15,Left,24,0.0000,0.0000,0.0203,0.0287,0.0491,-0.0008,0.9984,0.625,,,,,,,
15,Left,25,0.0002,0.0012,0.0219,0.0000,0.0000,0.0000,1.0000,0.625,,,,,,,
15,Right,0,-0.0020,-0.0056,0.0654,0.0000,0.0000,0.0000,1.0000,0.625,,,,,,,
15,Right,1,0.0000,0.0000,0.0000,0.0000,0.0000,0.0000,1.0000,0.625,0.1931,0.2000,-0.0208,-0.0733,-0.2908,-0.4087,0.8620
15,Right,2,-0.0275,-0.0197,0.0362,0.1056,-0.4780,0.6368,0.5957,0.625,,,,,,,
15,Right,3,0.0000,0.0000,0.0325,0.1606,0.0559,-0.0825,0.9820,0.625,,,,,,,
15,Right,4,0.0000,0.0000,0.0338,-0.1459,-0.0717,0.0848,0.9830,0.625,,,,,,,
15,Right,5,0.0007,0.0010,0.0246,0.0000,0.0000,0.0000,1.0000,0.625,,,,,,,
15,Right,6,-0.0185,-0.0113,0.0373,0.0000,0.0000,0.0000,1.0000,0.625,,,,,,,
15,Right,7,-0.0051,0.0040,0.0587,0.2477,0.0712,0.0232,0.9659,0.625,,,,,,,
15,Right,8,0.0000,0.0000,0.0379,0.1030,0.0045,-0.0262,0.9943,0.625,,,,,,,
15,Right,9,0.0000,0.0000,0.0243,0.0250,0.0256,-0.0166,0.9992,0.625,,,,,,,
15,Right,10,0.0003,0.0010,0.0224,0.0000,0.0000,0.0000,1.0000,0.625,,,,,,,
15,Right,11,-0.0023,-0.0086,0.0351,0.0000,0.0000,0.0000,1.0000,0.625,,,,,,,
15,Right,12,0.0005,0.0060,0.0605,0.2944,0.0937,-0.0321,0.9505,0.625,,,,,,,
15,Right,13,0.0000,0.0000,0.0429,0.0501,0.0038,-0.0115,0.9987,0.625,,,,,,,
15,Right,14,0.0000,0.0000,0.0275,-0.0092,0.0010,-0.0427,0.9990,0.625,,,,,,,
15,Right,15,0.0003,0.0011,0.0250,0.0000,0.0000,0.0000,1.0000,0.625,,,,,,,
15,Right,16,0.0150,-0.0060,0.0348,0.0000,0.0000,0.0000,1.0000,0.625,,,,,,,
15,Right,17,0.0025,-0.0005,0.0539,0.2830,0.0927,-0.0754,0.9516,0.625,,,,,,,
15,Right,18,0.0000,0.0000,0.0390,0.0625,0.0009,-0.0350,0.9974,0.625,,,,,,,
15,Right,19,0.0000,0.0000,0.0266,0.0485,-0.0295,-0.0069,0.9984,0.625,,,,,,,
15,Right,20,0.0003,0.0016,0.0243,0.0000,0.0000,0.0000,1.0000,0.625,,,,,,,
15,Right,21,0.0230,-0.0094,0.0341,0.0183,0.1403,-0.2070,0.9680,0.625,,,,,,,
15,Right,22,0.0000,0.0000,0.0457,0.1762,-0.0118,0.0871,0.9804,0.625,,,,,,,
15,Right,23,0.0000,0.0000,0.0307,0.1054,0.0381,-0.0478,0.9925,0.625,,,,,,,
15,Right,24,0.0000,0.0000,0.0203,0.0230,-0.0491,0.0008,0.9985,0.625,,,,,,,
15,Right,25,-0.0002,0.0012,0.0219,0.0000,0.0000,0.0000,1.0000,0.625,,,,,,,
16,Left,0,0.0021,-0.0055,0.0653,0.0000,0.0000,0.0000,1.0000,0.667,,,,,,,
16,Left,1,0.0000,0.0000,0.0000,0.0000,0.0000,0.0000,1.0000,0.667,-0.1836,0.1844,-0.0245,-0.0700,0.3055,0.4468,0.8379
16,Left,2,0.0279,-0.0193,0.0360,0.0890,0.4763,-0.6311,0.6057,0.667,,,,,,,
16,Left,3,0.0000,0.0000,0.0325,0.1606,-0.0559,0.0825,0.9820,0.667,,,,,,,
16,Left,4,0.0000,0.0000,0.0338,-0.1520,0.0721,-0.0848,0.9821,0.667,,,,,,,
16,Left,5,-0.0007,0.0010,0.0246,0.0000,0.0000,0.0000,1.0000,0.667,,,,,,,
16,Left,6,0.0187,-0.0111,0.0372,0.0000,0.0000,0.0000,1.0000,0.667,,,,,,,
16,Left,7,0.0049,0.0038,0.0588,0.2011,-0.0549,-0.0275,0.9776,0.667,,,,,,,
16,Left,8,0.0000,0.0000,0.0379,0.1434,-0.0034,0.0263,0.9893,0.667,,,,,,,
16,Left,9,0.0000,0.0000,0.0243,0.0374,-0.0254,0.0166,0.9988,0.667,,,,,,,
16,Left,10,-0.0003,0.0010,0.0224,0.0000,0.0000,0.0000,1.0000,0.667,,,,,,,
16,Left,11,0.0025,-0.0084,0.0350,0.0000,0.0000,0.0000,1.0000,0.667,,,,,,,
16,Left,12,-0.0007,0.0059,0.0606,0.2648,-0.0729,0.0244,0.9612,0.667,,,,,,,
16,Left,13,0.0000,0.0000,0.0429,0.0814,-0.0034,0.0117,0.9966,0.667,,,,,,,
16,Left,14,0.0000,0.0000,0.0275,-0.0001,-0.0006,0.0436,0.9990,0.667,,,,,,,
16,Left,15,-0.0003,0.0011,0.0250,0.0000,0.0000,0.0000,1.0000,0.667,,,,,,,
16,Left,16,-0.0150,-0.0060,0.0348,0.0000,0.0000,0.0000,1.0000,0.667,,,,,,,
16,Left,17,-0.0025,-0.0005,0.0539,0.2675,-0.0834,0.0717,0.9573,0.667,,,,,,,
16,Left,18,0.0000,0.0000,0.0390,0.0884,0.0000,0.0356,0.9954,0.667,,,,,,,
16,Left,19,0.0000,0.0000,0.0266,0.0553,0.0295,0.0072,0.9980,0.667,,,,,,,
16,Left,20,-0.0003,0.0016,0.0243,0.0000,0.0000,0.0000,1.0000,0.667,,,,,,,
16,Left,21,-0.0230,-0.0094,0.0341,0.0183,-0.1403,0.2070,0.9680,0.667,,,,,,,
16,Left,22,0.0000,0.0000,0.0457,0.1674,0.0225,-0.0889,0.9816,0.667,,,,,,,
16,Left,23,0.0000,0.0000,0.0307,0.1286,-0.0371,0.0497,0.9898,0.667,,,,,,,
16,Left,24,0.0000,0.0000,0.0203,0.0294,0.0491,-0.0008,0.9984,0.667,,,,,,,
16,Left,25,0.0002,0.0012,0.0219,0.0000,0.0000,0.0000,1.0000,0.667,,,,,,,
16,Right,0,-0.0020,-0.0055,0.0654,0.0000,0.0000,0.0000,1.0000,0.667,,,,,,,
16,Right,1,0.0000,0.0000,0.0000,0.0000,0.0000,0.0000,1.0000,0.667,0.1910,0.1996,-0.0193,-0.0712,-0.2893,-0.3988,0.8673
16,Right,2,-0.0275,-0.0197,0.0362,0.1033,-0.4762,0.6367,0.5976,0.667,,,,,,,
16,Right,3,0.0000,0.0000,0.0325,0.1752,0.0545,-0.0823,0.9796,0.667,,,,,,,
16,Right,4,0.0000,0.0000,0.0338,-0.1341,-0.0708,0.0846,0.9848,0.667,,,,,,,
16,Right,5,0.0007,0.0010,0.0246,0.0000,0.0000,0.0000,1.0000,0.667,,,,,,,
16,Right,6,-0.0185,-0.0113,0.0373,0.0000,0.0000,0.0000,1.0000,0.667,,,,,,,
16,Right,7,-0.0051,0.0040,0.0587,0.2582,0.0711,0.0228,0.9632,0.667,,,,,,,
16,Right,8,0.0000,0.0000,0.0379,0.1036,0.0045,-0.0262,0.9943,0.667,,,,,,,
16,Right,9,0.0000,0.0000,0.0243,0.0251,0.0256,-0.0166,0.9992,0.667,,,,,,,
16,Right,10,0.0003,0.0010,0.0224,0.0000,0.0000,0.0000,1.0000,0.667,,,,,,,
16,Right,11,-0.0023,-0.0086,0.0351,0.0000,0.0000,0.0000,1.0000,0.667,,,,,,,
16,Right,12,0.0005,0.0060,0.0605,0.3129,0.0917,-0.0335,0.9448,0.667,,,,,,,
16,Right,13,0.0000,0.0000,0.0429,0.0562,0.0037,-0.0116,0.9983,0.667,,,,,,,
16,Right,14,0.0000,0.0000,0.0275,-0.0041,0.0007,-0.0432,0.9991,0.667,,,,,,,
16,Right,15,0.0003,0.0011,0.0250,0.0000,0.0000,0.0000,1.0000,0.667,,,,,,,
16,Right,16,0.0150,-0.0060,0.0348,0.0000,0.0000,0.0000,1.0000,0.667,,,,,,,
16,Right,17,0.0025,-0.0005,0.0539,0.3107,0.0903,-0.0778,0.9430,0.667,,,,,,,
16,Right,18,0.0000,0.0000,0.0390,0.0633,0.0009,-0.0350,0.9974,0.667,,,,,,,
16,Right,19,0.0000,0.0000,0.0266,0.0495,-0.0295,-0.0070,0.9983,0.667,,,,,,,
16,Right,20,0.0003,0.0016,0.0243,0.0000,0.0000,0.0000,1.0000,0.667,,,,,,,
16,Right,21,0.0230,-0.0094,0.0341,0.0183,0.1403,-0.2070,0.9680,0.667,,,,,,,
16,Right,22,0.0000,0.0000,0.0457,0.1963,-0.0101,0.0864,0.9767,0.667,,,,,,,
16,Right,23,0.0000,0.0000,0.0307,0.1106,0.0379,-0.0483,0.9920,0.667,,,,,,,
16,Right,24,0.0000,0.0000,0.0203,0.0240,-0.0491,0.0008,0.9985,0.667,,,,,,,
16,Right,25,-0.0002,0.0012,0.0219,0.0000,0.0000,0.0000,1.0000,0.667,,,,,,,
17,Left,0,0.0021,-0.0055,0.0653,0.0000,0.0000,0.0000,1.0000,0.708,,,,,,,
17,Left,1,0.0000,0.0000,0.0000,0.0000,0.0000,0.0000,1.0000,0.708,-0.1814,0.1841,-0.0231,-0.0667,0.2970,0.4461,0.8416
17,Left,2,0.0279,-0.0193,0.0360,0.0907,0.4767,-0.6316,0.6046,0.708,,,,,,,
17,Left,3,0.0000,0.0000,0.0325,0.1661,-0.0554,0.0824,0.9811,0.708,,,,,,,
17,Left,4,0.0000,0.0000,0.0338,-0.1504,0.0720,-0.0848,0.9823,0.708,,,,,,,
17,Left,5,-0.0007,0.0010,0.0246,0.0000,0.0000,0.0000,1.0000,0.708,,,,,,,
17,Left,6,0.0187,-0.0111,0.0372,0.0000,0.0000,0.0000,1.0000,0.708,,,,,,,
17,Left,7,0.0049,0.0038,0.0588,0.2060,-0.0556,-0.0273,0.9766,0.708,,,,,,,
17,Left,8,0.0000,0.0000,0.0379,0.1428,-0.0034,0.0263,0.9894,0.708,,,,,,,
17,Left,9,0.0000,0.0000,0.0243,0.0378,-0.0254,0.0166,0.9988,0.708,,,,,,,
17,Left,10,-0.0003,0.0010,0.0224,0.0000,0.0000,0.0000,1.0000,0.708,,,,,,,
17,Left,11,0.0024,-0.0085,0.0351,0.0000,0.0000,0.0000,1.0000,0.708,,,,,,,
17,Left,12,-0.0007,0.0059,0.0606,0.2781,-0.0728,0.0254,0.9574,0.708,,,,,,,
17,Left,13,0.0000,0.0000,0.0429,0.0828,-0.0034,0.0117,0.9965,0.708,,,,,,,
17,Left,14,0.0000,0.0000,0.0275,0.0013,-0.0005,0.0437,0.9990,0.708,,,,,,,
17,Left,15,-0.0003,0.0011,0.0250,0.0000,0.0000,0.0000,1.0000,0.708,,,,,,,
17,Left,16,-0.0150,-0.0060,0.0348,0.0000,0.0000,0.0000,1.0000,0.708,,,,,,,
17,Left,17,-0.0025,-0.0005,0.0539,0.2873,-0.0815,0.0731,0.9515,0.708,,,,,,,
17,Left,18,0.0000,0.0000,0.0390,0.0897,0.0000,0.0356,0.9953,0.708,,,,,,,
17,Left,19,0.0000,0.0000,0.0266,0.0559,0.0295,0.0073,0.9980,0.708,,,,,,,
17,Left,20,-0.0003,0.0016,0.0243,0.0000,0.0000,0.0000,1.0000,0.708,,,,,,,
17,Left,21,-0.0230,-0.0094,0.0341,0.0183,-0.1403,0.2070,0.9680,0.708,,,,,,,
17,Left,22,0.0000,0.0000,0.0457,0.1889,0.0204,-0.0883,0.9778,0.708,,,,,,,
17,Left,23,0.0000,0.0000,0.0307,0.1291,-0.0370,0.0498,0.9897,0.708,,,,,,,
17,Left,24,0.0000,0.0000,0.0203,0.0303,0.0491,-0.0008,0.9983,0.708,,,,,,,
17,Left,25,0.0002,0.0012,0.0219,0.0000,0.0000,0.0000,1.0000,0.708,,,,,,,
17,Right,0,-0.0020,-0.0055,0.0654,0.0000,0.0000,0.0000,1.0000,0.708,,,,,,,
17,Right,1,0.0000,0.0000,0.0000,0.0000,0.0000,0.0000,1.0000,0.708,0.1894,0.1985,-0.0176,-0.0710,-0.2891,-0.3920,0.8705
17,Right,2,-0.0277,-0.0195,0.0361,0.0985,-0.4781,0.6341,0.5997,0.708,,,,,,,
17,Right,3,0.0000,0.0000,0.0325,0.1849,0.0536,-0.0822,0.9778,0.708,,,,,,,
17,Right,4,0.0000,0.0000,0.0338,-0.1279,-0.0703,0.0846,0.9857,0.708,,,,,,,
17,Right,5,0.0007,0.0010,0.0246,0.0000,0.0000,0.0000,1.0000,0.708,,,,,,,
17,Right,6,-0.0186,-0.0112,0.0373,0.0000,0.0000,0.0000,1.0000,0.708,,,,,,,
17,Right,7,-0.0050,0.0039,0.0587,0.2675,0.0712,0.0224,0.9607,0.708,,,,,,,
17,Right,8,0.0000,0.0000,0.0379,0.1040,0.0045,-0.0262,0.9942,0.708,,,,,,,
17,Right,9,0.0000,0.0000,0.0243,0.0253,0.0256,-0.0166,0.9992,0.708,,,,,,,
17,Right,10,0.0003,0.0010,0.0224,0.0000,0.0000,0.0000,1.0000,0.708,,,,,,,
17,Right,11,-0.0024,-0.0085,0.0351,0.0000,0.0000,0.0000,1.0000,0.708,,,,,,,
17,Right,12,0.0006,0.0060,0.0605,0.3295,0.0901,-0.0347,0.9392,0.708,,,,,,,
17,Right,13,0.0000,0.0000,0.0429,0.0627,0.0036,-0.0116,0.9980,0.708,,,,,,,
17,Right,14,0.0000,0.0000,0.0275,0.0004,0.0005,-0.0437,0.9990,0.708,,,,,,,
17,Right,15,0.0003,0.0011,0.0250,0.0000,0.0000,0.0000,1.0000,0.708,,,,,,,
17,Right,16,0.0150,-0.0060,0.0348,0.0000,0.0000,0.0000,1.0000,0.708,,,,,,,
17,Right,17,0.0025,-0.0005,0.0539,0.3292,0.0888,-0.0794,0.9367,0.708,,,,,,,
17,Right,18,0.0000,0.0000,0.0390,0.0664,0.0007,-0.0351,0.9972,0.708,,,,,,,
17,Right,19,0.0000,0.0000,0.0266,0.0510,-0.0295,-0.0070,0.9982,0.708,,,,,,,
17,Right,20,0.0003,0.0016,0.0243,0.0000,0.0000,0.0000,1.0000,0.708,,,,,,,
17,Right,21,0.0230,-0.0094,0.0341,0.0183,0.1403,-0.2070,0.9680,0.708,,,,,,,
17,Right,22,0.0000,0.0000,0.0457,0.2194,-0.0075,0.0855,0.9719,0.708,,,,,,,
17,Right,23,0.0000,0.0000,0.0307,0.1184,0.0375,-0.0489,0.9911,0.708,,,,,,,
17,Right,24,0.0000,0.0000,0.0203,0.0255,-0.0491,0.0008,0.9985,0.708,,,,,,,
17,Right,25,-0.0002,0.0012,0.0219,0.0000,0.0000,0.0000,1.0000,0.708,,,,,,,
18,Left,0,0.0021,-0.0055,0.0654,0.0000,0.0000,0.0000,1.0000,0.750,,,,,,,
18,Left,1,0.0000,0.0000,0.0000,0.0000,0.0000,0.0000,1.0000,0.750,-0.1799,0.1847,-0.0240,-0.0668,0.2902,0.4505,0.8416
18,Left,2,0.0279,-0.0193,0.0360,0.0918,0.4769,-0.6320,0.6039,0.750,,,,,,,
18,Left,3,0.0000,0.0000,0.0325,0.1754,-0.0545,0.0823,0.9795,0.750,,,,,,,
18,Left,4,0.0000,0.0000,0.0338,-0.1478,0.0718,-0.0848,0.9828,0.750,,,,,,,
18,Left,5,-0.0007,0.0010,0.0246,0.0000,0.0000,0.0000,1.0000,0.750,,,,,,,
18,Left,6,0.0186,-0.0111,0.0372,0.0000,0.0000,0.0000,1.0000,0.750,,,,,,,
18,Left,7,0.0049,0.0038,0.0588,0.2247,-0.0567,-0.0267,0.9724,0.750,,,,,,,
18,Left,8,0.0000,0.0000,0.0379,0.1427,-0.0034,0.0263,0.9894,0.750,,,,,,,
18,Left,9,0.0000,0.0000,0.0243,0.0384,-0.0254,0.0166,0.9988,0.750,,,,,,,
18,Left,10,-0.0003,0.0010,0.0224,0.0000,0.0000,0.0000,1.0000,0.750,,,,,,,
18,Left,11,0.0024,-0.0085,0.0351,0.0000,0.0000,0.0000,1.0000,0.750,,,,,,,
18,Left,12,-0.0007,0.0059,0.0606,0.2909,-0.0733,0.0265,0.9536,0.750,,,,,,,
18,Left,13,0.0000,0.0000,0.0429,0.0839,-0.0034,0.0117,0.9964,0.750,,,,,,,
18,Left,14,0.0000,0.0000,0.0275,0.0027,-0.0004,0.0439,0.9990,0.750,,,,,,,
18,Left,15,-0.0003,0.0011,0.0250,0.0000,0.0000,0.0000,1.0000,0.750,,,,,,,
18,Left,16,-0.0150,-0.0060,0.0348,0.0000,0.0000,0.0000,1.0000,0.750,,,,,,,
18,Left,17,-0.0025,-0.0005,0.0539,0.3065,-0.0802,0.0747,0.9456,0.750,,,,,,,
18,Left,18,0.0000,0.0000,0.0390,0.0905,0.0001,0.0356,0.9953,0.750,,,,,,,
18,Left,19,0.0000,0.0000,0.0266,0.0566,0.0295,0.0073,0.9979,0.750,,,,,,,
18,Left,20,-0.0003,0.0016,0.0243,0.0000,0.0000,0.0000,1.0000,0.750,,,,,,,
18,Left,21,-0.0230,-0.0094,0.0341,0.0183,-0.1403,0.2070,0.9680,0.750,,,,,,,
18,Left,22,0.0000,0.0000,0.0457,0.2056,0.0183,-0.0878,0.9745,0.750,,,,,,,
18,Left,23,0.0000,0.0000,0.0307,0.1300,-0.0370,0.0499,0.9896,0.750,,,,,,,
18,Left,24,0.0000,0.0000,0.0203,0.0312,0.0491,-0.0008,0.9983,0.750,,,,,,,
18,Left,25,0.0002,0.0012,0.0219,0.0000,0.0000,0.0000,1.0000,0.750,,,,,,,
18,Right,0,-0.0021,-0.0055,0.0654,0.0000,0.0000,0.0000,1.0000,0.750,,,,,,,
18,Right,1,0.0000,0.0000,0.0000,0.0000,0.0000,0.0000,1.0000,0.750,0.1878,0.1959,-0.0152,-0.0684,-0.2902,-0.3967,0.8682
18,Right,2,-0.0278,-0.0194,0.0361,0.0958,-0.4799,0.6322,0.6006,0.750,,,,,,,
18,Right,3,0.0000,0.0000,0.0325,0.1901,0.0531,-0.0821,0.9769,0.750,,,,,,,
18,Right,4,0.0000,0.0000,0.0338,-0.1267,-0.0703,0.0846,0.9858,0.750,,,,,,,
18,Right,5,0.0007,0.0010,0.0246,0.0000,0.0000,0.0000,1.0000,0.750,,,,,,,
18,Right,6,-0.0186,-0.0112,0.0372,0.0000,0.0000,0.0000,1.0000,0.750,,,,,,,
18,Right,7,-0.0049,0.0038,0.0588,0.2685,0.0738,0.0218,0.9602,0.750,,,,,,,
18,Right,8,0.0000,0.0000,0.0379,0.1035,0.0045,-0.0262,0.9943,0.750,,,,,,,
18,Right,9,0.0000,0.0000,0.0243,0.0248,0.0256,-0.0166,0.9992,0.750,,,,,,,
18,Right,10,0.0003,0.0010,0.0224,0.0000,0.0000,0.0000,1.0000,0.750,,,,,,,
18,Right,11,-0.0024,-0.0085,0.0351,0.0000,0.0000,0.0000,1.0000,0.750,,,,,,,
18,Right,12,0.0007,0.0059,0.0606,0.3310,0.0899,-0.0348,0.9387,0.750,,,,,,,
18,Right,13,0.0000,0.0000,0.0429,0.0630,0.0036,-0.0116,0.9979,0.750,,,,,,,
18,Right,14,0.0000,0.0000,0.0275,0.0011,0.0005,-0.0437,0.9990,0.750,,,,,,,
18,Right,15,0.0003,0.0011,0.0250,0.0000,0.0000,0.0000,1.0000,0.750,,,,,,,
18,Right,16,0.0150,-0.0060,0.0348,0.0000,0.0000,0.0000,1.0000,0.750,,,,,,,
18,Right,17,0.0025,-0.0005,0.0539,0.3305,0.0888,-0.0796,0.9362,0.750,,,,,,,
18,Right,18,0.0000,0.0000,0.0390,0.0669,0.0007,-0.0351,0.9971,0.750,,,,,,,
18,Right,19,0.0000,0.0000,0.0266,0.0522,-0.0295,-0.0071,0.9982,0.750,,,,,,,
18,Right,20,0.0003,0.0016,0.0243,0.0000,0.0000,0.0000,1.0000,0.750,,,,,,,
18,Right,21,0.0230,-0.0094,0.0341,0.0183,0.1403,-0.2070,0.9680,0.750,,,,,,,
18,Right,22,0.0000,0.0000,0.0457,0.2280,-0.0067,0.0851,0.9699,0.750,,,,,,,
18,Right,23,0.0000,0.0000,0.0307,0.1195,0.0375,-0.0490,0.9909,0.750,,,,,,,
18,Right,24,0.0000,0.0000,0.0203,0.0266,-0.0491,0.0008,0.9984,0.750,,,,,,,
18,Right,25,-0.0002,0.0012,0.0219,0.0000,0.0000,0.0000,1.0000,0.750,,,,,,,
